Folder Path,Title,Version Name,Version Date,External Key,Folder ID,Doc ID,Doc Code,Web Viewer URL,Processing Status,Processing Message
"Main Folder/IES Lighting Library/Z_Deprecated Standards Archive","DG-10-12_LINKS","Version: 1",06/29/2026 19:09:14,,22cde7b7-24b4-4bac-96a0-54d7718c57f4,beb9348e-5b78-4cef-9f25-675fe5a93a73,0000-2E4F-3A9438-00656721,"https://view.protectedpdf.com/FpqUgJ",Completed,Processing completed successfully
"Main Folder/IES Lighting Library/Z_Deprecated Standards Archive","DG-16-05_FINAL","Version: 1",06/29/2026 19:09:13,,22cde7b7-24b4-4bac-96a0-54d7718c57f4,62c878cd-4769-4ce3-a00d-42028ccc8325,0000-2E4F-3A9436-0065671F,"https://view.protectedpdf.com/W3PQ68",Completed,Processing completed successfully
"Main Folder/IES Lighting Library/Z_Deprecated Standards Archive","DG-17-05 FINAL","Version: 1",06/29/2026 19:14:32,,22cde7b7-24b4-4bac-96a0-54d7718c57f4,459274c1-16e9-4622-acb1-afe69703e78a,0000-2E4F-3A943E-00656727,"https://view.protectedpdf.com/WjBABQ",Completed,Processing completed successfully
"Main Folder/IES Lighting Library/Z_Deprecated Standards Archive","DG-18-08 finalNEW","Version: 1",06/29/2026 19:09:26,,22cde7b7-24b4-4bac-96a0-54d7718c57f4,8f26eaf3-eef5-4f07-8aee-c01978a60f13,0000-2E4F-3A943C-00656725,"https://view.protectedpdf.com/qjr7eg",Completed,Processing completed successfully
"Main Folder/IES Lighting Library/Z_Deprecated Standards Archive","DG-19-08 FINAL","Version: 1",06/29/2026 19:09:15,,22cde7b7-24b4-4bac-96a0-54d7718c57f4,a4025965-166b-479f-a146-e04d63229660,0000-2E4F-3A9439-00656722,"https://view.protectedpdf.com/Na8wR3",Completed,Processing completed successfully
"Main Folder/IES Lighting Library/Z_Deprecated Standards Archive","DG-20-09_final","Version: 1",06/29/2026 19:09:16,,22cde7b7-24b4-4bac-96a0-54d7718c57f4,a218b016-fb8e-4c6a-ad8d-01c37a6c2a5a,0000-2E4F-3A943A-00656723,"https://view.protectedpdf.com/fZUvpY",Completed,Processing completed successfully
"Main Folder/IES Lighting Library/Z_Deprecated Standards Archive","DG-21-15_FINAL","Version: 1",06/29/2026 19:09:18,,22cde7b7-24b4-4bac-96a0-54d7718c57f4,f79f1703-e913-4cca-92c1-32c6e23e8173,0000-2E4F-3A943B-00656724,"https://view.protectedpdf.com/R3KdEZ",Completed,Processing completed successfully
"Main Folder/IES Lighting Library/Z_Deprecated Standards Archive","DG-22-12_FINAL","Version: 1",06/29/2026 19:06:06,,22cde7b7-24b4-4bac-96a0-54d7718c57f4,7ffd5a4b-d773-4b86-b817-5f9a86bda46e,0000-2E4F-3A939E-00656687,"https://view.protectedpdf.com/ZyhwQE",Completed,Processing completed successfully
"Main Folder/IES Lighting Library/Z_Deprecated Standards Archive","DG-23-14","Version: 1",06/29/2026 19:06:02,,22cde7b7-24b4-4bac-96a0-54d7718c57f4,4f6f9436-0b35-425a-9e24-f6c129cd4677,0000-2E4F-3A939D-00656686,"https://view.protectedpdf.com/XAXZyp",Completed,Processing completed successfully
"Main Folder/IES Lighting Library/Z_Deprecated Standards Archive","DG-25-12.final","Version: 1",06/29/2026 19:06:27,,22cde7b7-24b4-4bac-96a0-54d7718c57f4,97193899-67ed-4fd4-8f0b-e7b4e78af58b,0000-2E4F-3A93A8-00656691,"https://view.protectedpdf.com/Nxw7vH",Completed,Processing completed successfully
"Main Folder/IES Lighting Library/Z_Deprecated Standards Archive","DG-25-17 (low res)","Version: 1",06/29/2026 19:06:10,,22cde7b7-24b4-4bac-96a0-54d7718c57f4,6ebe8c67-2a36-4c2d-afad-0fc9867ec20e,0000-2E4F-3A93A0-00656689,"https://view.protectedpdf.com/VgZ3Bm",Completed,Processing completed successfully
"Main Folder/IES Lighting Library/Z_Deprecated Standards Archive","DG-26-16","Version: 1",06/29/2026 19:06:08,,22cde7b7-24b4-4bac-96a0-54d7718c57f4,7b9bd4e6-4950-454d-be5d-fc96c0a2b54f,0000-2E4F-3A939F-00656688,"https://view.protectedpdf.com/HQ7ytK",Completed,Processing completed successfully
"Main Folder/IES Lighting Library/Z_Deprecated Standards Archive","DG-28-15_FINALIES","Version: 1",06/29/2026 19:06:11,,22cde7b7-24b4-4bac-96a0-54d7718c57f4,fe42bb6e-47bb-4f8f-b7b2-10faacb56a33,0000-2E4F-3A93A1-0065668A,"https://view.protectedpdf.com/Vc8bB6",Completed,Processing completed successfully
"Main Folder/IES Lighting Library/Z_Deprecated Standards Archive","DG-29-11_19FINAL","Version: 1",06/29/2026 19:06:14,,22cde7b7-24b4-4bac-96a0-54d7718c57f4,fdb84be6-7cd0-4703-a684-a831d4f29618,0000-2E4F-3A93A2-0065668B,"https://view.protectedpdf.com/cvFHQ8",Completed,Processing completed successfully
"Main Folder/IES Lighting Library/Z_Deprecated Standards Archive","DG-31-18_REVISED","Version: 1",06/29/2026 19:06:14,,22cde7b7-24b4-4bac-96a0-54d7718c57f4,3000015a-a967-4ce0-b003-60107496d9b3,0000-2E4F-3A93A3-0065668C,"https://view.protectedpdf.com/hNABP4",Completed,Processing completed successfully
"Main Folder/IES Lighting Library/Z_Deprecated Standards Archive","DG-4-14_LINKS","Version: 1",06/29/2026 19:09:13,,22cde7b7-24b4-4bac-96a0-54d7718c57f4,4afe4d06-cd8d-45ea-b28f-6899757773f7,0000-2E4F-3A9435-0065671E,"https://view.protectedpdf.com/uqKpQR",Completed,Processing completed successfully
"Main Folder/IES Lighting Library/Z_Deprecated Standards Archive","G-1-03 FINAL","Version: 1",06/29/2026 19:06:26,,22cde7b7-24b4-4bac-96a0-54d7718c57f4,0c85112a-f9d3-41d2-b446-206b961bfecd,0000-2E4F-3A93A7-00656690,"https://view.protectedpdf.com/n7Azhy",Completed,Processing completed successfully
"Main Folder/IES Lighting Library/Z_Deprecated Standards Archive","G-1-16","Version: 1",06/29/2026 19:06:22,,22cde7b7-24b4-4bac-96a0-54d7718c57f4,aae8f5e4-b22e-4207-b473-d56d5af03bf9,0000-2E4F-3A93A4-0065668D,"https://view.protectedpdf.com/nmJckv",Completed,Processing completed successfully
"Main Folder/IES Lighting Library/Z_Deprecated Standards Archive","G-2-10_Final","Version: 1",06/29/2026 19:06:23,,22cde7b7-24b4-4bac-96a0-54d7718c57f4,24cfca88-0fc8-4237-9dd8-9b77ac28369f,0000-2E4F-3A93A5-0065668E,"https://view.protectedpdf.com/aa4k3R",Completed,Processing completed successfully
"Main Folder/IES Lighting Library/Z_Deprecated Standards Archive","LEM-3-13 final","Version: 1",06/29/2026 19:06:24,,22cde7b7-24b4-4bac-96a0-54d7718c57f4,5ad98559-81e9-4714-88fb-b1c729dbbf91,0000-2E4F-3A93A6-0065668F,"https://view.protectedpdf.com/RBDPQg",Completed,Processing completed successfully
"Main Folder/IES Lighting Library/Z_Deprecated Standards Archive","LEM-7-13","Version: 1",06/29/2026 19:06:28,,22cde7b7-24b4-4bac-96a0-54d7718c57f4,8ceb639b-8cb8-4b90-820c-a3140290ce5a,0000-2E4F-3A93AB-00656694,"https://view.protectedpdf.com/ueVeXv",Completed,Processing completed successfully
"Main Folder/IES Lighting Library/Z_Deprecated Standards Archive","LM-10-20","Version: 1",06/29/2026 19:06:30,,22cde7b7-24b4-4bac-96a0-54d7718c57f4,f50370dc-8f8a-47e8-b340-c0972ad804a5,0000-2E4F-3A93AE-00656697,"https://view.protectedpdf.com/jvwFNa",Completed,Processing completed successfully
"Main Folder/IES Lighting Library/Z_Deprecated Standards Archive","LM-11-20","Version: 1",06/29/2026 19:06:30,,22cde7b7-24b4-4bac-96a0-54d7718c57f4,14ed144d-ccd2-484a-af8b-3b451903faeb,0000-2E4F-3A93AD-00656696,"https://view.protectedpdf.com/M2jtJ2",Completed,Processing completed successfully
"Main Folder/IES Lighting Library/Z_Deprecated Standards Archive","LM-20-13_FINAL","Version: 1",06/29/2026 19:06:30,,22cde7b7-24b4-4bac-96a0-54d7718c57f4,f063bce0-bda3-40fc-b490-c3152f17a0ee,0000-2E4F-3A93AC-00656695,"https://view.protectedpdf.com/NgDknJ",Completed,Processing completed successfully
"Main Folder/IES Lighting Library/Z_Deprecated Standards Archive","LM-28-12_final","Version: 1",06/29/2026 19:06:30,,22cde7b7-24b4-4bac-96a0-54d7718c57f4,8c90eb2e-45c3-40ba-aa49-5bb23a7c980b,0000-2E4F-3A93AF-00656698,"https://view.protectedpdf.com/eutUA2",Completed,Processing completed successfully
"Main Folder/IES Lighting Library/Z_Deprecated Standards Archive","LM-31-20","Version: 1",06/29/2026 19:06:33,,22cde7b7-24b4-4bac-96a0-54d7718c57f4,ac513b3a-4865-4e0f-ad33-3a5514babc78,0000-2E4F-3A93B4-0065669D,"https://view.protectedpdf.com/aF7cc3",Completed,Processing completed successfully
"Main Folder/IES Lighting Library/Z_Deprecated Standards Archive","LM-35-20","Version: 1",06/29/2026 19:06:31,,22cde7b7-24b4-4bac-96a0-54d7718c57f4,6f5c7197-0e25-40bd-92eb-86b4d1da7e3c,0000-2E4F-3A93B0-00656699,"https://view.protectedpdf.com/edTAJQ",Completed,Processing completed successfully
"Main Folder/IES Lighting Library/Z_Deprecated Standards Archive","LM-37-16","Version: 1",06/29/2026 19:06:32,,22cde7b7-24b4-4bac-96a0-54d7718c57f4,e6227ae8-2380-4d5d-86b9-d2e40d2b5273,0000-2E4F-3A93B1-0065669A,"https://view.protectedpdf.com/vRctFf",Completed,Processing completed successfully
"Main Folder/IES Lighting Library/Z_Deprecated Standards Archive","LM-40-10.FINAL","Version: 1",06/29/2026 19:06:32,,22cde7b7-24b4-4bac-96a0-54d7718c57f4,2a8aaf90-51d7-436b-bc84-776e3208da14,0000-2E4F-3A93B2-0065669B,"https://view.protectedpdf.com/8ZxUUj",Completed,Processing completed successfully
"Main Folder/IES Lighting Library/Z_Deprecated Standards Archive","LM-40-20","Version: 1",06/29/2026 19:06:33,,22cde7b7-24b4-4bac-96a0-54d7718c57f4,2cf0dd8c-2ec5-49c7-a23d-66538fd3a1e2,0000-2E4F-3A93B3-0065669C,"https://view.protectedpdf.com/pcuFqC",Completed,Processing completed successfully
"Main Folder/IES Lighting Library/Z_Deprecated Standards Archive","LM-41-14_final","Version: 1",06/29/2026 19:06:33,,22cde7b7-24b4-4bac-96a0-54d7718c57f4,291e9e62-a181-4293-af88-d446df11992e,0000-2E4F-3A93B5-0065669E,"https://view.protectedpdf.com/BBytec",Completed,Processing completed successfully
"Main Folder/IES Lighting Library/Z_Deprecated Standards Archive","LM-41-20","Version: 1",06/29/2026 19:06:33,,22cde7b7-24b4-4bac-96a0-54d7718c57f4,7a0bc724-ce11-42b5-86d8-c2d9cbb3e8ac,0000-2E4F-3A93B6-0065669F,"https://view.protectedpdf.com/z4phK8",Completed,Processing completed successfully
"Main Folder/IES Lighting Library/Z_Deprecated Standards Archive","LM-45-15_final","Version: 1",06/29/2026 19:06:33,,22cde7b7-24b4-4bac-96a0-54d7718c57f4,c11183eb-4833-4665-a0c4-06f3ff3cdc8f,0000-2E4F-3A93B7-006566A0,"https://view.protectedpdf.com/pPxCKY",Completed,Processing completed successfully
"Main Folder/IES Lighting Library/Z_Deprecated Standards Archive","LM-45-20","Version: 1",06/29/2026 19:06:34,,22cde7b7-24b4-4bac-96a0-54d7718c57f4,65f07d48-9945-461d-a2a6-1f37c08fb8ad,0000-2E4F-3A93B8-006566A1,"https://view.protectedpdf.com/Q2Eq3k",Completed,Processing completed successfully
"Main Folder/IES Lighting Library/Z_Deprecated Standards Archive","LM-46-04","Version: 1",06/29/2026 19:06:34,,22cde7b7-24b4-4bac-96a0-54d7718c57f4,0ffab3fc-d3de-4935-ae75-8a25a46f3aaa,0000-2E4F-3A93B9-006566A2,"https://view.protectedpdf.com/WTNW7Q",Completed,Processing completed successfully
"Main Folder/IES Lighting Library/Z_Deprecated Standards Archive","LM-46-20","Version: 1",06/29/2026 19:06:34,,22cde7b7-24b4-4bac-96a0-54d7718c57f4,13ae6e32-1590-4648-a3fc-7256c251b070,0000-2E4F-3A93BA-006566A3,"https://view.protectedpdf.com/R8kG46",Completed,Processing completed successfully
"Main Folder/IES Lighting Library/Z_Deprecated Standards Archive","LM-47-12_FINAL2015","Version: 1",06/29/2026 19:06:34,,22cde7b7-24b4-4bac-96a0-54d7718c57f4,b72464b3-22c8-4bee-8f4b-28d8e6afc159,0000-2E4F-3A93BB-006566A4,"https://view.protectedpdf.com/pKVJWg",Completed,Processing completed successfully
"Main Folder/IES Lighting Library/Z_Deprecated Standards Archive","LM-47-20","Version: 1",06/29/2026 19:06:35,,22cde7b7-24b4-4bac-96a0-54d7718c57f4,02e7d733-8e42-423f-b87f-fd9a22de0335,0000-2E4F-3A93BC-006566A5,"https://view.protectedpdf.com/GJbxPG",Completed,Processing completed successfully
"Main Folder/IES Lighting Library/Z_Deprecated Standards Archive","LM-49-12_FINALall","Version: 1",06/29/2026 19:06:35,,22cde7b7-24b4-4bac-96a0-54d7718c57f4,c0e81012-b9d1-4c7c-beb1-62436615caab,0000-2E4F-3A93BE-006566A7,"https://view.protectedpdf.com/twnjQa",Completed,Processing completed successfully
"Main Folder/IES Lighting Library/Z_Deprecated Standards Archive","LM-49-20","Version: 1",06/29/2026 19:06:35,,22cde7b7-24b4-4bac-96a0-54d7718c57f4,3451e45d-399f-4df8-8261-611e3effdbc5,0000-2E4F-3A93BD-006566A6,"https://view.protectedpdf.com/YjHXvu",Completed,Processing completed successfully
"Main Folder/IES Lighting Library/Z_Deprecated Standards Archive","LM-50-13_final","Version: 1",06/29/2026 19:06:35,,22cde7b7-24b4-4bac-96a0-54d7718c57f4,3f84dfed-23b0-40fb-b5d0-602033aaeb7d,0000-2E4F-3A93BF-006566A8,"https://view.protectedpdf.com/FzHCXM",Completed,Processing completed successfully
"Main Folder/IES Lighting Library/Z_Deprecated Standards Archive","LM-51-20","Version: 1",06/29/2026 19:06:36,,22cde7b7-24b4-4bac-96a0-54d7718c57f4,5ced7c72-f52b-46d6-b70c-eb7ae65ab235,0000-2E4F-3A93C0-006566A9,"https://view.protectedpdf.com/NxWtvP",Completed,Processing completed successfully
"Main Folder/IES Lighting Library/Z_Deprecated Standards Archive","LM-52-03 FINAL","Version: 1",06/29/2026 19:06:36,,22cde7b7-24b4-4bac-96a0-54d7718c57f4,02e86592-29fd-4fce-aa6f-2cbf810c6be6,0000-2E4F-3A93C1-006566AA,"https://view.protectedpdf.com/dXW4Tf",Completed,Processing completed successfully
"Main Folder/IES Lighting Library/Z_Deprecated Standards Archive","LM-54-12_FINAL","Version: 1",06/29/2026 19:06:36,,22cde7b7-24b4-4bac-96a0-54d7718c57f4,1a8373bf-771c-462c-b6dd-66324d8f4c2a,0000-2E4F-3A93C2-006566AB,"https://view.protectedpdf.com/4YbHZz",Completed,Processing completed successfully
"Main Folder/IES Lighting Library/Z_Deprecated Standards Archive","LM-58-13_FINAL","Version: 1",06/29/2026 19:06:36,,22cde7b7-24b4-4bac-96a0-54d7718c57f4,7961333b-498e-49df-bae7-a17614d1cc16,0000-2E4F-3A93C3-006566AC,"https://view.protectedpdf.com/BY2yYK",Completed,Processing completed successfully
"Main Folder/IES Lighting Library/Z_Deprecated Standards Archive","LM-61-06","Version: 1",06/29/2026 19:06:36,,22cde7b7-24b4-4bac-96a0-54d7718c57f4,8c1345a0-0e31-456c-8de4-5204807f72f9,0000-2E4F-3A93C4-006566AD,"https://view.protectedpdf.com/7QjMeR",Completed,Processing completed successfully
"Main Folder/IES Lighting Library/Z_Deprecated Standards Archive","LM-61-20","Version: 1",06/29/2026 19:06:37,,22cde7b7-24b4-4bac-96a0-54d7718c57f4,a1cfcae6-30e5-41cd-a7e6-d58fd70a26cf,0000-2E4F-3A93C5-006566AE,"https://view.protectedpdf.com/bDyQgU",Completed,Processing completed successfully
"Main Folder/IES Lighting Library/Z_Deprecated Standards Archive","LM-62-06","Version: 1",06/29/2026 19:06:37,,22cde7b7-24b4-4bac-96a0-54d7718c57f4,b601eee0-2589-4b66-b406-78f26134239e,0000-2E4F-3A93C6-006566AF,"https://view.protectedpdf.com/ybf9vZ",Completed,Processing completed successfully
"Main Folder/IES Lighting Library/Z_Deprecated Standards Archive","LM-62-20","Version: 1",06/29/2026 19:06:37,,22cde7b7-24b4-4bac-96a0-54d7718c57f4,9108f074-0895-47fb-b08c-9c70546ac447,0000-2E4F-3A93C7-006566B0,"https://view.protectedpdf.com/RYM8wK",Completed,Processing completed successfully
"Main Folder/IES Lighting Library/Z_Deprecated Standards Archive","LM-63-02_2015rev","Version: 1",06/29/2026 19:06:39,,22cde7b7-24b4-4bac-96a0-54d7718c57f4,b647a37b-77c0-434c-8c05-21c432d356fc,0000-2E4F-3A93CB-006566B4,"https://view.protectedpdf.com/PDwF3k",Completed,Processing completed successfully
"Main Folder/IES Lighting Library/Z_Deprecated Standards Archive","LM-63-19","Version: 1",06/29/2026 19:06:38,,22cde7b7-24b4-4bac-96a0-54d7718c57f4,95afc707-7f04-45bd-995b-571ff8b5b15b,0000-2E4F-3A93C9-006566B2,"https://view.protectedpdf.com/d7pXGQ",Completed,Processing completed successfully
"Main Folder/IES Lighting Library/Z_Deprecated Standards Archive","LM-65-14_final","Version: 1",06/29/2026 19:06:38,,22cde7b7-24b4-4bac-96a0-54d7718c57f4,e8909cf5-5200-4e65-956d-382e68794ea5,0000-2E4F-3A93C8-006566B1,"https://view.protectedpdf.com/Ryfn4x",Completed,Processing completed successfully
"Main Folder/IES Lighting Library/Z_Deprecated Standards Archive","LM-65-20","Version: 1",06/29/2026 19:06:38,,22cde7b7-24b4-4bac-96a0-54d7718c57f4,f6f6b6fd-0b9a-4306-a5a2-78d4ef05d33d,0000-2E4F-3A93CA-006566B3,"https://view.protectedpdf.com/eHTUnq",Completed,Processing completed successfully
"Main Folder/IES Lighting Library/Z_Deprecated Standards Archive","LM-66-14_final","Version: 1",06/29/2026 19:06:39,,22cde7b7-24b4-4bac-96a0-54d7718c57f4,11c030aa-d48b-4664-82fa-bbf542f373e0,0000-2E4F-3A93CC-006566B5,"https://view.protectedpdf.com/8VurxC",Completed,Processing completed successfully
"Main Folder/IES Lighting Library/Z_Deprecated Standards Archive","LM-66-20","Version: 1",06/29/2026 19:06:39,,22cde7b7-24b4-4bac-96a0-54d7718c57f4,1a98e173-5471-42de-ac52-6967e590360e,0000-2E4F-3A93CD-006566B6,"https://view.protectedpdf.com/CCv3jw",Completed,Processing completed successfully
"Main Folder/IES Lighting Library/Z_Deprecated Standards Archive","LM-67-94","Version: 1",06/29/2026 19:06:39,,22cde7b7-24b4-4bac-96a0-54d7718c57f4,f8887261-0d52-4d17-944c-fd0fb2aeabdf,0000-2E4F-3A93CE-006566B7,"https://view.protectedpdf.com/Jv9aXg",Completed,Processing completed successfully
"Main Folder/IES Lighting Library/Z_Deprecated Standards Archive","LM-71-14_final","Version: 1",06/29/2026 19:06:40,,22cde7b7-24b4-4bac-96a0-54d7718c57f4,6c186e3c-59a7-42f8-bc2a-f5ba725e0910,0000-2E4F-3A93CF-006566B8,"https://view.protectedpdf.com/3Uv3k4",Completed,Processing completed successfully
"Main Folder/IES Lighting Library/Z_Deprecated Standards Archive","LM-72-97 final","Version: 1",06/29/2026 19:06:41,,22cde7b7-24b4-4bac-96a0-54d7718c57f4,cdb4cdee-60c7-47ec-a2b5-59eea2c72527,0000-2E4F-3A93D1-006566BA,"https://view.protectedpdf.com/cKAnvv",Completed,Processing completed successfully
"Main Folder/IES Lighting Library/Z_Deprecated Standards Archive","LM-73-04(R18)+E1","Version: 1",06/29/2026 19:06:40,,22cde7b7-24b4-4bac-96a0-54d7718c57f4,3d0227a3-776f-4523-98bf-14bd00a7667a,0000-2E4F-3A93D0-006566B9,"https://view.protectedpdf.com/YHtRK3",Completed,Processing completed successfully
"Main Folder/IES Lighting Library/Z_Deprecated Standards Archive","LM-73-04_final","Version: 1",06/29/2026 19:06:41,,22cde7b7-24b4-4bac-96a0-54d7718c57f4,1f6dace1-fd8f-43e1-894b-c1f3d19f32f6,0000-2E4F-3A93D2-006566BB,"https://view.protectedpdf.com/yEVEBq",Completed,Processing completed successfully
"Main Folder/IES Lighting Library/Z_Deprecated Standards Archive","LM-73-18 (R2023)","Version: 1",06/29/2026 19:06:41,,22cde7b7-24b4-4bac-96a0-54d7718c57f4,c86a17bc-062a-49c4-ae74-f32000d162f5,0000-2E4F-3A93D3-006566BC,"https://view.protectedpdf.com/vbfw9x",Completed,Processing completed successfully
"Main Folder/IES Lighting Library/Z_Deprecated Standards Archive","LM-74-05_2015final","Version: 1",06/29/2026 19:06:42,,22cde7b7-24b4-4bac-96a0-54d7718c57f4,7c5a2c1d-25c4-47df-a550-a3761d6b996d,0000-2E4F-3A93D4-006566BD,"https://view.protectedpdf.com/qYurWm",Completed,Processing completed successfully
"Main Folder/IES Lighting Library/Z_Deprecated Standards Archive","LM-75-01","Version: 1",06/29/2026 19:06:42,,22cde7b7-24b4-4bac-96a0-54d7718c57f4,29ef908d-6ef6-42c5-b4d2-8a182d13fae0,0000-2E4F-3A93D5-006566BE,"https://view.protectedpdf.com/eDa7Au",Completed,Processing completed successfully
"Main Folder/IES Lighting Library/Z_Deprecated Standards Archive","LM-77-09_reprint","Version: 1",06/29/2026 19:06:42,,22cde7b7-24b4-4bac-96a0-54d7718c57f4,7a6aaf9d-a14c-49e1-85c8-8d78cc855750,0000-2E4F-3A93D6-006566BF,"https://view.protectedpdf.com/3ykpNX",Completed,Processing completed successfully
"Main Folder/IES Lighting Library/Z_Deprecated Standards Archive","LM-78-07_2015","Version: 1",06/29/2026 19:06:43,,22cde7b7-24b4-4bac-96a0-54d7718c57f4,97863763-d2d4-4f38-8bd5-46ac53a63494,0000-2E4F-3A93D8-006566C1,"https://view.protectedpdf.com/9nKHww",Completed,Processing completed successfully
"Main Folder/IES Lighting Library/Z_Deprecated Standards Archive","LM-78-17","Version: 1",06/29/2026 19:06:43,,22cde7b7-24b4-4bac-96a0-54d7718c57f4,73f6f7c6-ab9b-4b96-8143-1182be382811,0000-2E4F-3A93D7-006566C0,"https://view.protectedpdf.com/uMNjyv",Completed,Processing completed successfully
"Main Folder/IES Lighting Library/Z_Deprecated Standards Archive","LM-79-08_2015","Version: 1",06/29/2026 19:06:44,,22cde7b7-24b4-4bac-96a0-54d7718c57f4,084034e5-f85a-4668-af0f-b7642c6087dc,0000-2E4F-3A93D9-006566C2,"https://view.protectedpdf.com/A7PpWK",Completed,Processing completed successfully
"Main Folder/IES Lighting Library/Z_Deprecated Standards Archive","LM-79-19","Version: 1",06/29/2026 19:06:44,,22cde7b7-24b4-4bac-96a0-54d7718c57f4,1c3aea48-e43f-426f-bac4-8448ccc09dd9,0000-2E4F-3A93DB-006566C4,"https://view.protectedpdf.com/ABJP67",Completed,Processing completed successfully
"Main Folder/IES Lighting Library/Z_Deprecated Standards Archive","LM-80-15_FINAL","Version: 1",06/29/2026 19:06:44,,22cde7b7-24b4-4bac-96a0-54d7718c57f4,161e4cef-c09f-496d-a661-2418a692cc8c,0000-2E4F-3A93DA-006566C3,"https://view.protectedpdf.com/c2PdzV",Completed,Processing completed successfully
"Main Folder/IES Lighting Library/Z_Deprecated Standards Archive","LM-80-20","Version: 1",06/29/2026 19:06:44,,22cde7b7-24b4-4bac-96a0-54d7718c57f4,6b3b542f-63a7-455e-b84f-cec588f0227f,0000-2E4F-3A93DC-006566C5,"https://view.protectedpdf.com/jzAKzy",Completed,Processing completed successfully
"Main Folder/IES Lighting Library/Z_Deprecated Standards Archive","LM-81-10_FINAL","Version: 1",06/29/2026 19:06:45,,22cde7b7-24b4-4bac-96a0-54d7718c57f4,f3a160cd-2b10-4796-bf59-7d29182aea53,0000-2E4F-3A93DD-006566C6,"https://view.protectedpdf.com/TdWxTh",Completed,Processing completed successfully
"Main Folder/IES Lighting Library/Z_Deprecated Standards Archive","LM-81-20","Version: 1",06/29/2026 19:06:45,,22cde7b7-24b4-4bac-96a0-54d7718c57f4,0d369207-c078-4894-9e5d-feeec7753608,0000-2E4F-3A93DE-006566C7,"https://view.protectedpdf.com/8K2w6C",Completed,Processing completed successfully
"Main Folder/IES Lighting Library/Z_Deprecated Standards Archive","LM-82-12_FINAL","Version: 1",06/29/2026 19:06:45,,22cde7b7-24b4-4bac-96a0-54d7718c57f4,985f3881-1977-429a-bfcd-d6439d9a1844,0000-2E4F-3A93DF-006566C8,"https://view.protectedpdf.com/4KdftW",Completed,Processing completed successfully
"Main Folder/IES Lighting Library/Z_Deprecated Standards Archive","LM-83-12_FINAL","Version: 1",06/29/2026 19:06:45,,22cde7b7-24b4-4bac-96a0-54d7718c57f4,0453ea66-1ac8-4c89-9241-a707f6c2e1ae,0000-2E4F-3A93E0-006566C9,"https://view.protectedpdf.com/nZ6XcJ",Completed,Processing completed successfully
"Main Folder/IES Lighting Library/Z_Deprecated Standards Archive","LM-83-22","Version: 1",06/29/2026 19:06:46,,22cde7b7-24b4-4bac-96a0-54d7718c57f4,b44237e3-c5cd-4eed-b2c9-7a7ebda1d541,0000-2E4F-3A93E1-006566CA,"https://view.protectedpdf.com/97kA7b",Completed,Processing completed successfully
"Main Folder/IES Lighting Library/Z_Deprecated Standards Archive","LM-84-14","Version: 1",06/29/2026 19:06:46,,22cde7b7-24b4-4bac-96a0-54d7718c57f4,fc3c8c4e-0e06-4807-aa59-00a91df94079,0000-2E4F-3A93E2-006566CB,"https://view.protectedpdf.com/kKx3cT",Completed,Processing completed successfully
"Main Folder/IES Lighting Library/Z_Deprecated Standards Archive","LM-85-14","Version: 1",06/29/2026 19:06:46,,22cde7b7-24b4-4bac-96a0-54d7718c57f4,3748ffeb-930b-4a1a-94ab-da059ddeed72,0000-2E4F-3A93E3-006566CC,"https://view.protectedpdf.com/7GcYV7",Completed,Processing completed successfully
"Main Folder/IES Lighting Library/Z_Deprecated Standards Archive","LM-85-20","Version: 1",06/29/2026 19:06:47,,22cde7b7-24b4-4bac-96a0-54d7718c57f4,39b1e843-c5b1-4d1e-8aec-728a40aa03c4,0000-2E4F-3A93E4-006566CD,"https://view.protectedpdf.com/28awj4",Completed,Processing completed successfully
"Main Folder/IES Lighting Library/Z_Deprecated Standards Archive","LM-86-15_FINAL","Version: 1",06/29/2026 19:06:47,,22cde7b7-24b4-4bac-96a0-54d7718c57f4,bfdca350-e350-4ecf-a6ea-9949ef8a4a01,0000-2E4F-3A93E5-006566CE,"https://view.protectedpdf.com/7x99m6",Completed,Processing completed successfully
"Main Folder/IES Lighting Library/Z_Deprecated Standards Archive","LM-86-20","Version: 1",06/29/2026 19:06:47,,22cde7b7-24b4-4bac-96a0-54d7718c57f4,8de6f2f0-545e-4855-bd0c-1b089df29359,0000-2E4F-3A93E6-006566CF,"https://view.protectedpdf.com/UGXr3j",Completed,Processing completed successfully
"Main Folder/IES Lighting Library/Z_Deprecated Standards Archive","LM-88-18","Version: 1",06/29/2026 19:06:48,,22cde7b7-24b4-4bac-96a0-54d7718c57f4,c70b71a1-30fe-46c8-90bd-265213b386a6,0000-2E4F-3A93E7-006566D0,"https://view.protectedpdf.com/zuebYh",Completed,Processing completed successfully
"Main Folder/IES Lighting Library/Z_Deprecated Standards Archive","LM-9-09_Final","Version: 1",06/29/2026 19:06:28,,22cde7b7-24b4-4bac-96a0-54d7718c57f4,409ca554-21ca-4758-87fe-bdb0062e5a6d,0000-2E4F-3A93A9-00656692,"https://view.protectedpdf.com/BnVkab",Completed,Processing completed successfully
"Main Folder/IES Lighting Library/Z_Deprecated Standards Archive","LM-9-20","Version: 1",06/29/2026 19:06:28,,22cde7b7-24b4-4bac-96a0-54d7718c57f4,4541bb88-4d9b-446e-af7b-6960927c65f5,0000-2E4F-3A93AA-00656693,"https://view.protectedpdf.com/YzWAM7",Completed,Processing completed successfully
"Main Folder/IES Lighting Library/Z_Deprecated Standards Archive","LP-1-20","Version: 1",06/29/2026 19:07:04,,22cde7b7-24b4-4bac-96a0-54d7718c57f4,40017ddd-c03e-4520-aae2-5a5bbcdd7069,0000-2E4F-3A93EF-006566D8,"https://view.protectedpdf.com/Tk2z7M",Completed,Processing completed successfully
"Main Folder/IES Lighting Library/Z_Deprecated Standards Archive","LS-2-20","Version: 1",06/29/2026 19:06:48,,22cde7b7-24b4-4bac-96a0-54d7718c57f4,98f0a3ba-cde1-433b-b447-fa01343dadf5,0000-2E4F-3A93E8-006566D1,"https://view.protectedpdf.com/22UqCM",Completed,Processing completed successfully
"Main Folder/IES Lighting Library/Z_Deprecated Standards Archive","LS-3-20","Version: 1",06/29/2026 19:06:49,,22cde7b7-24b4-4bac-96a0-54d7718c57f4,f7193be9-45a2-4be5-9bb7-e84e14615f32,0000-2E4F-3A93E9-006566D2,"https://view.protectedpdf.com/eET6K4",Completed,Processing completed successfully
"Main Folder/IES Lighting Library/Z_Deprecated Standards Archive","LS-4-20","Version: 1",06/29/2026 19:06:50,,22cde7b7-24b4-4bac-96a0-54d7718c57f4,f1602502-adbf-4861-a930-c6c9354c020c,0000-2E4F-3A93EA-006566D3,"https://view.protectedpdf.com/QhBher",Completed,Processing completed successfully
"Main Folder/IES Lighting Library/Z_Deprecated Standards Archive","LS-6-20","Version: 1",06/29/2026 19:06:50,,22cde7b7-24b4-4bac-96a0-54d7718c57f4,17048f0c-5f18-405a-9a9a-61bbd5c9f53d,0000-2E4F-3A93EB-006566D4,"https://view.protectedpdf.com/8hYPAX",Completed,Processing completed successfully
"Main Folder/IES Lighting Library/Z_Deprecated Standards Archive","RP-11-17 (low res)","Version: 1",06/29/2026 19:07:58,,22cde7b7-24b4-4bac-96a0-54d7718c57f4,9c787d6f-aaab-47eb-8e3e-a9b4777f18c1,0000-2E4F-3A93FE-006566E7,"https://view.protectedpdf.com/PdpxTy",Completed,Processing completed successfully
"Main Folder/IES Lighting Library/Z_Deprecated Standards Archive","RP-1-12 FINAL","Version: 1",06/29/2026 19:07:10,,22cde7b7-24b4-4bac-96a0-54d7718c57f4,b98935ed-8993-4fa4-98fe-1b0267735aa4,0000-2E4F-3A93F0-006566D9,"https://view.protectedpdf.com/QT7aZQ",Completed,Processing completed successfully
"Main Folder/IES Lighting Library/Z_Deprecated Standards Archive","RP-11-20+E1","Version: 1",06/29/2026 19:08:03,,22cde7b7-24b4-4bac-96a0-54d7718c57f4,2a44b121-57b2-46a2-ab18-a0888015f7d2,0000-2E4F-3A9403-006566EC,"https://view.protectedpdf.com/3rKhfm",Completed,Processing completed successfully
"Main Folder/IES Lighting Library/Z_Deprecated Standards Archive","RP-1-20","Version: 1",06/29/2026 19:06:53,,22cde7b7-24b4-4bac-96a0-54d7718c57f4,c4188498-04c2-4c4e-80d3-3e9b91d969cb,0000-2E4F-3A93EC-006566D5,"https://view.protectedpdf.com/bHe733",Completed,Processing completed successfully
"Main Folder/IES Lighting Library/Z_Deprecated Standards Archive","RP-1-22","Version: 1",06/29/2026 19:06:56,,22cde7b7-24b4-4bac-96a0-54d7718c57f4,47957c89-2096-43b8-b593-43f33e31d746,0000-2E4F-3A93ED-006566D6,"https://view.protectedpdf.com/AyA62Q",Completed,Processing completed successfully
"Main Folder/IES Lighting Library/Z_Deprecated Standards Archive","RP-16-05 reprint2010final","Version: 1",06/29/2026 19:08:01,,22cde7b7-24b4-4bac-96a0-54d7718c57f4,0207dee0-7f74-4259-a6ac-99c9b1c8c9d6,0000-2E4F-3A9400-006566E9,"https://view.protectedpdf.com/WZyMeb",Completed,Processing completed successfully
"Main Folder/IES Lighting Library/Z_Deprecated Standards Archive","RP-20-14_REVISED 2016","Version: 1",06/29/2026 19:08:00,,22cde7b7-24b4-4bac-96a0-54d7718c57f4,03ce128f-6977-402d-a71f-46df089b0d15,0000-2E4F-3A93FF-006566E8,"https://view.protectedpdf.com/MTqFwD",Completed,Processing completed successfully
"Main Folder/IES Lighting Library/Z_Deprecated Standards Archive","RP-2-17 (low res)","Version: 1",06/29/2026 19:07:01,,22cde7b7-24b4-4bac-96a0-54d7718c57f4,9eef33b9-97d4-439d-91c7-d3e49fb89d18,0000-2E4F-3A93EE-006566D7,"https://view.protectedpdf.com/RfqWd8",Completed,Processing completed successfully
"Main Folder/IES Lighting Library/Z_Deprecated Standards Archive","RP-22-11 FINAL_rev2015ANSI","Version: 1",06/29/2026 19:08:02,,22cde7b7-24b4-4bac-96a0-54d7718c57f4,a51e1e35-9b83-4df1-a5d2-8de166906c19,0000-2E4F-3A9402-006566EB,"https://view.protectedpdf.com/74a9Y4",Completed,Processing completed successfully
"Main Folder/IES Lighting Library/Z_Deprecated Standards Archive","RP-27.1-15_FINAL","Version: 1",06/29/2026 19:08:02,,22cde7b7-24b4-4bac-96a0-54d7718c57f4,c2be0234-16e8-412d-8aa0-12ac23ef89dd,0000-2E4F-3A9401-006566EA,"https://view.protectedpdf.com/wPBj8v",Completed,Processing completed successfully
"Main Folder/IES Lighting Library/Z_Deprecated Standards Archive","RP-27.2-00-R17","Version: 1",06/29/2026 19:08:04,,22cde7b7-24b4-4bac-96a0-54d7718c57f4,cf93510d-0c3b-483f-88b8-cb1a78610b33,0000-2E4F-3A9406-006566EF,"https://view.protectedpdf.com/nzx4PX",Completed,Processing completed successfully
"Main Folder/IES Lighting Library/Z_Deprecated Standards Archive","RP-27.3-07","Version: 1",06/29/2026 19:08:03,,22cde7b7-24b4-4bac-96a0-54d7718c57f4,80681d32-ecba-4512-b2ba-4984b51c1e2e,0000-2E4F-3A9404-006566ED,"https://view.protectedpdf.com/uK9yqC",Completed,Processing completed successfully
"Main Folder/IES Lighting Library/Z_Deprecated Standards Archive","RP-27.3-17","Version: 1",06/29/2026 19:08:04,,22cde7b7-24b4-4bac-96a0-54d7718c57f4,f9c7f658-80f4-4731-abe7-24bd082b770a,0000-2E4F-3A9405-006566EE,"https://view.protectedpdf.com/TBZd4R",Completed,Processing completed successfully
"Main Folder/IES Lighting Library/Z_Deprecated Standards Archive","RP-27-20+E1","Version: 1",06/29/2026 19:08:04,,22cde7b7-24b4-4bac-96a0-54d7718c57f4,3c559816-3eb1-4551-830c-31c51553542b,0000-2E4F-3A9407-006566F0,"https://view.protectedpdf.com/gfa8dT",Completed,Processing completed successfully
"Main Folder/IES Lighting Library/Z_Deprecated Standards Archive","RP-28-16_REVISED","Version: 1",06/29/2026 19:08:06,,22cde7b7-24b4-4bac-96a0-54d7718c57f4,7b1e2d22-e0ac-41af-8210-92bdf3ce3dbd,0000-2E4F-3A9408-006566F1,"https://view.protectedpdf.com/DB7u9c",Completed,Processing completed successfully
"Main Folder/IES Lighting Library/Z_Deprecated Standards Archive","RP-28-20","Version: 1",06/29/2026 19:08:19,,22cde7b7-24b4-4bac-96a0-54d7718c57f4,cc45e0a5-bb5b-40de-a47e-e07752ab22e4,0000-2E4F-3A940A-006566F3,"https://view.protectedpdf.com/VuqJJd",Completed,Processing completed successfully
"Main Folder/IES Lighting Library/Z_Deprecated Standards Archive","RP-29-06_REV","Version: 1",06/29/2026 19:08:31,,22cde7b7-24b4-4bac-96a0-54d7718c57f4,e5f71dc2-c482-437e-a26a-1254ea7b4b95,0000-2E4F-3A940D-006566F6,"https://view.protectedpdf.com/R2Xbez",Completed,Processing completed successfully
"Main Folder/IES Lighting Library/Z_Deprecated Standards Archive","RP-29-16 (LOW RES)","Version: 1",06/29/2026 19:08:17,,22cde7b7-24b4-4bac-96a0-54d7718c57f4,e018becf-cdf5-4ca5-ac2e-c4d82346ba22,0000-2E4F-3A9409-006566F2,"https://view.protectedpdf.com/yYqPG6",Completed,Processing completed successfully
"Main Folder/IES Lighting Library/Z_Deprecated Standards Archive","RP-29-20+E1","Version: 1",06/29/2026 19:08:26,,22cde7b7-24b4-4bac-96a0-54d7718c57f4,9265913f-889e-4a06-a310-4fe03e5b92dc,0000-2E4F-3A940C-006566F5,"https://view.protectedpdf.com/aq69Yx",Completed,Processing completed successfully
"Main Folder/IES Lighting Library/Z_Deprecated Standards Archive","RP-30-17 (LOW RES)","Version: 1",06/29/2026 19:08:24,,22cde7b7-24b4-4bac-96a0-54d7718c57f4,8423389d-ed9d-493c-88b2-12cebd683887,0000-2E4F-3A940B-006566F4,"https://view.protectedpdf.com/EgVYJY",Completed,Processing completed successfully
"Main Folder/IES Lighting Library/Z_Deprecated Standards Archive","RP-30-20+E1","Version: 1",06/29/2026 19:08:32,,22cde7b7-24b4-4bac-96a0-54d7718c57f4,0a47cb9b-5649-46e1-9736-61a987f6fc6c,0000-2E4F-3A940E-006566F7,"https://view.protectedpdf.com/WXeKGA",Completed,Processing completed successfully
"Main Folder/IES Lighting Library/Z_Deprecated Standards Archive","RP-30-96_reaffirmed","Version: 1",06/29/2026 19:08:39,,22cde7b7-24b4-4bac-96a0-54d7718c57f4,270a850a-c6ef-458e-8b96-ee8423faa6dc,0000-2E4F-3A9410-006566F9,"https://view.protectedpdf.com/aqGFe9",Completed,Processing completed successfully
"Main Folder/IES Lighting Library/Z_Deprecated Standards Archive","RP-31-14_final","Version: 1",06/29/2026 19:08:34,,22cde7b7-24b4-4bac-96a0-54d7718c57f4,60f4f3dc-707a-40aa-ae30-e1e2028af02c,0000-2E4F-3A940F-006566F8,"https://view.protectedpdf.com/gYyF32",Completed,Processing completed successfully
"Main Folder/IES Lighting Library/Z_Deprecated Standards Archive","RP-3-13 final2016","Version: 1",06/29/2026 19:07:27,,22cde7b7-24b4-4bac-96a0-54d7718c57f4,427c7593-053a-43c9-92db-d77a90b501da,0000-2E4F-3A93F3-006566DC,"https://view.protectedpdf.com/4X8U9R",Completed,Processing completed successfully
"Main Folder/IES Lighting Library/Z_Deprecated Standards Archive","RP-33-14_FINAL","Version: 1",06/29/2026 19:08:44,,22cde7b7-24b4-4bac-96a0-54d7718c57f4,b1dd38c2-8813-4129-9ff3-b278a106ef29,0000-2E4F-3A9412-006566FB,"https://view.protectedpdf.com/ayRAxj",Completed,Processing completed successfully
"Main Folder/IES Lighting Library/Z_Deprecated Standards Archive","RP-36-15_FINAL","Version: 1",06/29/2026 19:08:43,,22cde7b7-24b4-4bac-96a0-54d7718c57f4,19537738-9902-4c0f-b78e-c286a0d1fb99,0000-2E4F-3A9411-006566FA,"https://view.protectedpdf.com/2A7gww",Completed,Processing completed successfully
"Main Folder/IES Lighting Library/Z_Deprecated Standards Archive","RP-36-20 +E2","Version: 1",06/29/2026 19:08:45,,22cde7b7-24b4-4bac-96a0-54d7718c57f4,e8d2c208-03c9-4dd3-974f-dc89030a6b7d,0000-2E4F-3A9413-006566FC,"https://view.protectedpdf.com/xQETWg",Completed,Processing completed successfully
"Main Folder/IES Lighting Library/Z_Deprecated Standards Archive","RP-37-15_FINAL","Version: 1",06/29/2026 19:08:55,,22cde7b7-24b4-4bac-96a0-54d7718c57f4,1ad0fab0-7ac9-4767-93d5-9cb17c5d740a,0000-2E4F-3A9416-006566FF,"https://view.protectedpdf.com/dmVbmE",Completed,Processing completed successfully
"Main Folder/IES Lighting Library/Z_Deprecated Standards Archive","RP-37-20+E1","Version: 1",06/29/2026 19:08:50,,22cde7b7-24b4-4bac-96a0-54d7718c57f4,067f9a9a-ef60-4b30-af99-8a825363163c,0000-2E4F-3A9414-006566FD,"https://view.protectedpdf.com/eDfjMW",Completed,Processing completed successfully
"Main Folder/IES Lighting Library/Z_Deprecated Standards Archive","RP-37-22","Version: 1",06/29/2026 19:08:54,,22cde7b7-24b4-4bac-96a0-54d7718c57f4,475497be-cb06-44c1-9810-3b007ede6d53,0000-2E4F-3A9415-006566FE,"https://view.protectedpdf.com/hCDmUJ",Completed,Processing completed successfully
"Main Folder/IES Lighting Library/Z_Deprecated Standards Archive","RP-38-17","Version: 1",06/29/2026 19:08:57,,22cde7b7-24b4-4bac-96a0-54d7718c57f4,1f18ac6d-ed67-4cb0-abe9-9aa36179948f,0000-2E4F-3A9417-00656700,"https://view.protectedpdf.com/AcrTbk",Completed,Processing completed successfully
"Main Folder/IES Lighting Library/Z_Deprecated Standards Archive","RP-40-19","Version: 1",06/29/2026 19:08:57,,22cde7b7-24b4-4bac-96a0-54d7718c57f4,8dab22be-00c0-48e8-b88d-9b7f898d395b,0000-2E4F-3A9418-00656701,"https://view.protectedpdf.com/GTAZVj",Completed,Processing completed successfully
"Main Folder/IES Lighting Library/Z_Deprecated Standards Archive","RP-4-13_finalREV","Version: 1",06/29/2026 19:07:32,,22cde7b7-24b4-4bac-96a0-54d7718c57f4,1c34d6d7-a006-449f-8801-2c6d7bf41566,0000-2E4F-3A93F4-006566DD,"https://view.protectedpdf.com/ea3RVa",Completed,Processing completed successfully
"Main Folder/IES Lighting Library/Z_Deprecated Standards Archive","RP-42-20","Version: 1",06/29/2026 19:08:57,,22cde7b7-24b4-4bac-96a0-54d7718c57f4,de9bfce9-e7fe-42ce-a3c5-29d7429fdc88,0000-2E4F-3A9419-00656702,"https://view.protectedpdf.com/drp4WK",Completed,Processing completed successfully
"Main Folder/IES Lighting Library/Z_Deprecated Standards Archive","RP-43-22","Version: 1",06/29/2026 19:08:59,,22cde7b7-24b4-4bac-96a0-54d7718c57f4,7212c8b9-4512-4a4a-9e42-b5830e1a1128,0000-2E4F-3A941D-00656706,"https://view.protectedpdf.com/ujtvBU",Completed,Processing completed successfully
"Main Folder/IES Lighting Library/Z_Deprecated Standards Archive","RP-46-23","Version: 1",06/29/2026 19:08:58,,22cde7b7-24b4-4bac-96a0-54d7718c57f4,5ecd9311-ed2a-4141-bb7f-2244f3eac1d9,0000-2E4F-3A941A-00656703,"https://view.protectedpdf.com/6akeeM",Completed,Processing completed successfully
"Main Folder/IES Lighting Library/Z_Deprecated Standards Archive","RP-5-13_v3","Version: 1",06/29/2026 19:07:13,,22cde7b7-24b4-4bac-96a0-54d7718c57f4,0f95c490-1af8-476c-87bf-f027481d85d7,0000-2E4F-3A93F1-006566DA,"https://view.protectedpdf.com/jnDzDE",Completed,Processing completed successfully
"Main Folder/IES Lighting Library/Z_Deprecated Standards Archive","RP-6-15_FINAL","Version: 1",06/29/2026 19:07:26,,22cde7b7-24b4-4bac-96a0-54d7718c57f4,26078962-f0bd-4b6b-8e33-a1812ac01c1d,0000-2E4F-3A93F2-006566DB,"https://view.protectedpdf.com/zCvCec",Completed,Processing completed successfully
"Main Folder/IES Lighting Library/Z_Deprecated Standards Archive","RP-6-20","Version: 1",06/29/2026 19:07:35,,22cde7b7-24b4-4bac-96a0-54d7718c57f4,2fa58507-d337-4162-8ce5-2eb39a7cd3a5,0000-2E4F-3A93F6-006566DF,"https://view.protectedpdf.com/4BzRfC",Completed,Processing completed successfully
"Main Folder/IES Lighting Library/Z_Deprecated Standards Archive","RP-6-22","Version: 1",06/29/2026 19:07:35,,22cde7b7-24b4-4bac-96a0-54d7718c57f4,f207356e-e718-4b59-ac2f-d66c7616da66,0000-2E4F-3A93F5-006566DE,"https://view.protectedpdf.com/2CqnZw",Completed,Processing completed successfully
"Main Folder/IES Lighting Library/Z_Deprecated Standards Archive","RP-7-17 (low res)","Version: 1",06/29/2026 19:07:40,,22cde7b7-24b4-4bac-96a0-54d7718c57f4,c42b3282-823f-431b-a62f-a45dacc5e1aa,0000-2E4F-3A93F7-006566E0,"https://view.protectedpdf.com/nycyuk",Completed,Processing completed successfully
"Main Folder/IES Lighting Library/Z_Deprecated Standards Archive","RP-7-20","Version: 1",06/29/2026 19:07:40,,22cde7b7-24b4-4bac-96a0-54d7718c57f4,b7b581ea-89cd-428e-b39a-114bf1a2a718,0000-2E4F-3A93F8-006566E1,"https://view.protectedpdf.com/xnU2dF",Completed,Processing completed successfully
"Main Folder/IES Lighting Library/Z_Deprecated Standards Archive","RP-8-14_FINALANSI","Version: 1",06/29/2026 19:07:40,,22cde7b7-24b4-4bac-96a0-54d7718c57f4,5371f6ba-260b-4ea9-b82a-3e2dceb20492,0000-2E4F-3A93F9-006566E2,"https://view.protectedpdf.com/eMRZTm",Completed,Processing completed successfully
"Main Folder/IES Lighting Library/Z_Deprecated Standards Archive","RP-8-18","Version: 1",06/29/2026 19:07:48,,22cde7b7-24b4-4bac-96a0-54d7718c57f4,1770ec4f-efbd-4c60-8298-e9161198b5b0,0000-2E4F-3A93FA-006566E3,"https://view.protectedpdf.com/ETdfvN",Completed,Processing completed successfully
"Main Folder/IES Lighting Library/Z_Deprecated Standards Archive","RP-8-21","Version: 1",06/29/2026 19:07:55,,22cde7b7-24b4-4bac-96a0-54d7718c57f4,92df4bf6-10a1-4459-a228-9513d4f6a0fd,0000-2E4F-3A93FB-006566E4,"https://view.protectedpdf.com/wTR6W3",Completed,Processing completed successfully
"Main Folder/IES Lighting Library/Z_Deprecated Standards Archive","RP-8-22","Version: 1",06/29/2026 19:07:57,,22cde7b7-24b4-4bac-96a0-54d7718c57f4,c1c3d8c4-5da6-43ed-9c7e-1d120a7f9d41,0000-2E4F-3A93FD-006566E6,"https://view.protectedpdf.com/3Fedak",Completed,Processing completed successfully
"Main Folder/IES Lighting Library/Z_Deprecated Standards Archive","RP-9-20","Version: 1",06/29/2026 19:07:56,,22cde7b7-24b4-4bac-96a0-54d7718c57f4,5615e2c3-d7e4-4b43-a071-ebc9a9dffeda,0000-2E4F-3A93FC-006566E5,"https://view.protectedpdf.com/umU9Rx",Completed,Processing completed successfully
"Main Folder/IES Lighting Library/Z_Deprecated Standards Archive","TM-10-00 Final","Version: 1",06/29/2026 19:08:59,,22cde7b7-24b4-4bac-96a0-54d7718c57f4,797c93e0-b7dd-4f64-be7e-205ef1a2d8a2,0000-2E4F-3A941C-00656705,"https://view.protectedpdf.com/uETCxZ",Completed,Processing completed successfully
"Main Folder/IES Lighting Library/Z_Deprecated Standards Archive","TM-11-00 Final","Version: 1",06/29/2026 19:09:00,,22cde7b7-24b4-4bac-96a0-54d7718c57f4,c359c3c1-eb60-4821-8742-85297a5f26de,0000-2E4F-3A941E-00656707,"https://view.protectedpdf.com/zWZrjF",Completed,Processing completed successfully
"Main Folder/IES Lighting Library/Z_Deprecated Standards Archive","TM-1-12_FINALlores","Version: 1",06/29/2026 19:08:59,,22cde7b7-24b4-4bac-96a0-54d7718c57f4,71fbb14d-b203-45e5-a27e-981e281acea2,0000-2E4F-3A941B-00656704,"https://view.protectedpdf.com/vf2rCK",Completed,Processing completed successfully
"Main Folder/IES Lighting Library/Z_Deprecated Standards Archive","TM-12-06","Version: 1",06/29/2026 19:09:00,,22cde7b7-24b4-4bac-96a0-54d7718c57f4,334c3319-8b83-4e2d-9227-dd87ba67c16b,0000-2E4F-3A941F-00656708,"https://view.protectedpdf.com/GBc6ex",Completed,Processing completed successfully
"Main Folder/IES Lighting Library/Z_Deprecated Standards Archive","TM-12-12_REVISED","Version: 1",06/29/2026 19:09:01,,22cde7b7-24b4-4bac-96a0-54d7718c57f4,cea3ab28-d31d-40fc-8f85-50e19a86dd99,0000-2E4F-3A9420-00656709,"https://view.protectedpdf.com/a2DNPK",Completed,Processing completed successfully
"Main Folder/IES Lighting Library/Z_Deprecated Standards Archive","TM-15-11_FINAL","Version: 1",06/29/2026 19:09:02,,22cde7b7-24b4-4bac-96a0-54d7718c57f4,6240cb8f-4769-4e3b-a40d-308230a0dceb,0000-2E4F-3A9421-0065670A,"https://view.protectedpdf.com/7dFRAy",Completed,Processing completed successfully
"Main Folder/IES Lighting Library/Z_Deprecated Standards Archive","TM-15-20","Version: 1",06/29/2026 19:09:02,,22cde7b7-24b4-4bac-96a0-54d7718c57f4,6597d13b-c22f-4753-9209-fead6d345fa9,0000-2E4F-3A9422-0065670B,"https://view.protectedpdf.com/RDzwNh",Completed,Processing completed successfully
"Main Folder/IES Lighting Library/Z_Deprecated Standards Archive","TM-16-17","Version: 1",06/29/2026 19:09:03,,22cde7b7-24b4-4bac-96a0-54d7718c57f4,c68e6154-dee5-4c0f-b9a5-b83376e0c4a6,0000-2E4F-3A9423-0065670C,"https://view.protectedpdf.com/6vFZNy",Completed,Processing completed successfully
"Main Folder/IES Lighting Library/Z_Deprecated Standards Archive","TM-18-08 Final","Version: 1",06/29/2026 19:09:03,,22cde7b7-24b4-4bac-96a0-54d7718c57f4,327aaa08-959c-4049-aa33-e7a4839bb7c8,0000-2E4F-3A9424-0065670D,"https://view.protectedpdf.com/CJtNQM",Completed,Processing completed successfully
"Main Folder/IES Lighting Library/Z_Deprecated Standards Archive","TM-19-17","Version: 1",06/29/2026 19:09:04,,22cde7b7-24b4-4bac-96a0-54d7718c57f4,64eb11e6-273d-49f2-b9fe-d02e7654a096,0000-2E4F-3A9425-0065670E,"https://view.protectedpdf.com/rrRAJA",Completed,Processing completed successfully
"Main Folder/IES Lighting Library/Z_Deprecated Standards Archive","TM-21-11_FINAL","Version: 1",06/29/2026 19:09:04,,22cde7b7-24b4-4bac-96a0-54d7718c57f4,206c4674-7a45-454a-b1e1-50c1d282dc36,0000-2E4F-3A9426-0065670F,"https://view.protectedpdf.com/bAXFjj",Completed,Processing completed successfully
"Main Folder/IES Lighting Library/Z_Deprecated Standards Archive","TM-21-19","Version: 1",06/29/2026 19:09:06,,22cde7b7-24b4-4bac-96a0-54d7718c57f4,0e495ddb-e791-469a-813b-1d4515c80a6b,0000-2E4F-3A9429-00656712,"https://view.protectedpdf.com/rccDaC",Completed,Processing completed successfully
"Main Folder/IES Lighting Library/Z_Deprecated Standards Archive","TM-23-11_final","Version: 1",06/29/2026 19:09:05,,22cde7b7-24b4-4bac-96a0-54d7718c57f4,35fa4bc0-9da2-49c4-b7a7-6178a963270b,0000-2E4F-3A9427-00656710,"https://view.protectedpdf.com/3ku8mn",Completed,Processing completed successfully
"Main Folder/IES Lighting Library/Z_Deprecated Standards Archive","TM-23-17","Version: 1",06/29/2026 19:09:06,,22cde7b7-24b4-4bac-96a0-54d7718c57f4,8ab9aabd-bb19-49b2-85c1-2ea3b7b3c365,0000-2E4F-3A9428-00656711,"https://view.protectedpdf.com/Uf8E9q",Completed,Processing completed successfully
"Main Folder/IES Lighting Library/Z_Deprecated Standards Archive","TM-24-13 whole","Version: 1",06/29/2026 19:09:09,,22cde7b7-24b4-4bac-96a0-54d7718c57f4,c5aa71b2-5e03-4ba4-9d1c-a7cb0e62186d,0000-2E4F-3A942E-00656717,"https://view.protectedpdf.com/WQfyCZ",Completed,Processing completed successfully
"Main Folder/IES Lighting Library/Z_Deprecated Standards Archive","TM-25-13_FINAL","Version: 1",06/29/2026 19:09:07,,22cde7b7-24b4-4bac-96a0-54d7718c57f4,21c19426-d738-4463-9a56-aebf6a6dade4,0000-2E4F-3A942A-00656713,"https://view.protectedpdf.com/XHyzEP",Completed,Processing completed successfully
"Main Folder/IES Lighting Library/Z_Deprecated Standards Archive","TM-25-20","Version: 1",06/29/2026 19:09:07,,22cde7b7-24b4-4bac-96a0-54d7718c57f4,a91b275b-afcd-4d41-b8ea-f2c6ef9aa63f,0000-2E4F-3A942B-00656714,"https://view.protectedpdf.com/kX7Q8J",Completed,Processing completed successfully
"Main Folder/IES Lighting Library/Z_Deprecated Standards Archive","TM-26-15_FINAL","Version: 1",06/29/2026 19:09:08,,22cde7b7-24b4-4bac-96a0-54d7718c57f4,265978ad-afef-4533-9fa6-630ed46800bb,0000-2E4F-3A942C-00656715,"https://view.protectedpdf.com/XmEmkV",Completed,Processing completed successfully
"Main Folder/IES Lighting Library/Z_Deprecated Standards Archive","TM-26-20","Version: 1",06/29/2026 19:09:08,,22cde7b7-24b4-4bac-96a0-54d7718c57f4,7f957686-4e1d-4f30-907e-4feee229539d,0000-2E4F-3A942D-00656716,"https://view.protectedpdf.com/zDeT9T",Completed,Processing completed successfully
"Main Folder/IES Lighting Library/Z_Deprecated Standards Archive","TM-27-14_final","Version: 1",06/29/2026 19:09:09,,22cde7b7-24b4-4bac-96a0-54d7718c57f4,a74e1f41-feca-4d5d-ade3-108a525664b5,0000-2E4F-3A942F-00656718,"https://view.protectedpdf.com/4Kern9",Completed,Processing completed successfully
"Main Folder/IES Lighting Library/Z_Deprecated Standards Archive","TM-28-14","Version: 1",06/29/2026 19:09:09,,22cde7b7-24b4-4bac-96a0-54d7718c57f4,674f6010-baf7-4b9c-b31f-1d4af26bdef2,0000-2E4F-3A9430-00656719,"https://view.protectedpdf.com/uqm7WV",Completed,Processing completed successfully
"Main Folder/IES Lighting Library/Z_Deprecated Standards Archive","TM-30-18","Version: 1",06/29/2026 19:09:11,,22cde7b7-24b4-4bac-96a0-54d7718c57f4,684bcc32-7e53-4738-8d7c-1bab0ecf7149,0000-2E4F-3A9431-0065671A,"https://view.protectedpdf.com/ZPY37J",Completed,Processing completed successfully
"Main Folder/IES Lighting Library/Z_Deprecated Standards Archive","TM-30-20","Version: 1",06/29/2026 19:09:14,,22cde7b7-24b4-4bac-96a0-54d7718c57f4,18df0c55-9a1f-442e-9349-dfecb15f72d2,0000-2E4F-3A9437-00656720,"https://view.protectedpdf.com/zTxGfz",Completed,Processing completed successfully
"Main Folder/IES Lighting Library/Z_Deprecated Standards Archive","TM-31-17 low res","Version: 1",06/29/2026 19:09:11,,22cde7b7-24b4-4bac-96a0-54d7718c57f4,97b20ad9-330a-49c4-9a15-b13756a876a0,0000-2E4F-3A9433-0065671C,"https://view.protectedpdf.com/G7hhXJ",Completed,Processing completed successfully
"Main Folder/IES Lighting Library/Z_Deprecated Standards Archive","TM-32-19","Version: 1",06/29/2026 19:09:11,,22cde7b7-24b4-4bac-96a0-54d7718c57f4,8e6fd57f-9c65-4053-8242-59eb50af7201,0000-2E4F-3A9432-0065671B,"https://view.protectedpdf.com/tW7KgZ",Completed,Processing completed successfully
"Main Folder/IES Lighting Library/Z_Deprecated Standards Archive","TM-33-18","Version: 1",06/29/2026 19:09:12,,22cde7b7-24b4-4bac-96a0-54d7718c57f4,4717dec0-9ffa-4b6b-ad07-96be0147bf38,0000-2E4F-3A9434-0065671D,"https://view.protectedpdf.com/EpawkX",Completed,Processing completed successfully
"Main Folder/IES Lighting Library/Lighting Practice","G-1-22","Version: 1",06/29/2026 18:39:05,,2c056713-b0e9-4e7a-9520-ea2fc1574402,98173938-2bfc-4745-8f4a-11d3da2aa8e4,0000-2E4F-3A9362-0065664B,"https://view.protectedpdf.com/2H4QTw",Completed,Processing completed successfully
"Main Folder/IES Lighting Library/Lighting Practice","LM-63-19R25","Version: 1",06/29/2026 18:39:03,,2c056713-b0e9-4e7a-9520-ea2fc1574402,6c182c06-178d-4099-a084-809fd0c7a63a,0000-2E4F-3A9361-0065664A,"https://view.protectedpdf.com/fbdFVx",Completed,Processing completed successfully
"Main Folder/IES Lighting Library/Lighting Practice","LM-83-23","Version: 1",06/29/2026 18:39:03,,2c056713-b0e9-4e7a-9520-ea2fc1574402,411ab082-45dd-4d7b-9615-e119da93c188,0000-2E4F-3A9360-00656649,"https://view.protectedpdf.com/jxWVgh",Completed,Processing completed successfully
"Main Folder/IES Lighting Library/Lighting Practice","LP-10-20","Version: 1",06/29/2026 18:39:26,,2c056713-b0e9-4e7a-9520-ea2fc1574402,89c8b670-0b99-4cf4-a3ba-45860d4eef72,0000-2E4F-3A936B-00656654,"https://view.protectedpdf.com/XHwAwM",Completed,Processing completed successfully
"Main Folder/IES Lighting Library/Lighting Practice","LP-11-20","Version: 1",06/29/2026 18:38:55,,2c056713-b0e9-4e7a-9520-ea2fc1574402,41be4cdc-3646-474a-89d8-8e5cdb8b224b,0000-2E4F-3A9357-00656640,"https://view.protectedpdf.com/qyymMB",Completed,Processing completed successfully
"Main Folder/IES Lighting Library/Lighting Practice","LP-12-21","Version: 1",06/29/2026 18:38:59,,2c056713-b0e9-4e7a-9520-ea2fc1574402,5c9720a1-c1cb-4d4d-8f54-551206d1f3f5,0000-2E4F-3A9359-00656642,"https://view.protectedpdf.com/CWEJpx",Completed,Processing completed successfully
"Main Folder/IES Lighting Library/Lighting Practice","LP-1-24","Version: 1",06/29/2026 18:39:20,,2c056713-b0e9-4e7a-9520-ea2fc1574402,ef4f77ae-8514-4072-b8b4-b3f8830dd558,0000-2E4F-3A9366-0065664F,"https://view.protectedpdf.com/JgwWTE",Completed,Processing completed successfully
"Main Folder/IES Lighting Library/Lighting Practice","LP-13-21","Version: 1",06/29/2026 18:38:54,,2c056713-b0e9-4e7a-9520-ea2fc1574402,b17e53df-943e-48ef-822f-df512e5fd339,0000-2E4F-3A9355-0065663E,"https://view.protectedpdf.com/DqCGwg",Completed,Processing completed successfully
"Main Folder/IES Lighting Library/Lighting Practice","LP-16-22","Version: 1",06/29/2026 18:38:54,,2c056713-b0e9-4e7a-9520-ea2fc1574402,afedb06f-bcfc-4ac0-8a76-2edf02ccebbd,0000-2E4F-3A9356-0065663F,"https://view.protectedpdf.com/Q2nB6g",Completed,Processing completed successfully
"Main Folder/IES Lighting Library/Lighting Practice","LP-2-20","Version: 1",06/29/2026 18:39:09,,2c056713-b0e9-4e7a-9520-ea2fc1574402,d42fb781-4254-415b-bd23-5fd4318ca945,0000-2E4F-3A9363-0065664C,"https://view.protectedpdf.com/pVCrCN",Completed,Processing completed successfully
"Main Folder/IES Lighting Library/Lighting Practice","LP-30-26","Version: 1",06/29/2026 18:38:57,,2c056713-b0e9-4e7a-9520-ea2fc1574402,fb75be12-c10c-4175-b93e-029452bc1ca2,0000-2E4F-3A9358-00656641,"https://view.protectedpdf.com/48XXVy",Completed,Processing completed successfully
"Main Folder/IES Lighting Library/Lighting Practice","LP-3-20+E1","Version: 1",06/29/2026 18:39:23,,2c056713-b0e9-4e7a-9520-ea2fc1574402,245af4ea-e14f-4576-8b54-d676fdc87176,0000-2E4F-3A9368-00656651,"https://view.protectedpdf.com/MX3QGZ",Completed,Processing completed successfully
"Main Folder/IES Lighting Library/Lighting Practice","LP-4-20","Version: 1",06/29/2026 18:39:14,,2c056713-b0e9-4e7a-9520-ea2fc1574402,4a669455-fb85-4555-8607-083ca2c5a435,0000-2E4F-3A9364-0065664D,"https://view.protectedpdf.com/QmFXC9",Completed,Processing completed successfully
"Main Folder/IES Lighting Library/Lighting Practice","LP-6-25","Version: 1",06/29/2026 18:39:18,,2c056713-b0e9-4e7a-9520-ea2fc1574402,974a62b9-83d0-4a66-adfd-f609b87b96a6,0000-2E4F-3A9365-0065664E,"https://view.protectedpdf.com/zNQbw3",Completed,Processing completed successfully
"Main Folder/IES Lighting Library/Lighting Practice","LP-7-20","Version: 1",06/29/2026 18:39:21,,2c056713-b0e9-4e7a-9520-ea2fc1574402,a19bc848-e7fc-4113-b961-e2f9ea7bcab1,0000-2E4F-3A9367-00656650,"https://view.protectedpdf.com/9uKqhx",Completed,Processing completed successfully
"Main Folder/IES Lighting Library/Lighting Practice","LP-8-20","Version: 1",06/29/2026 18:39:25,,2c056713-b0e9-4e7a-9520-ea2fc1574402,832450c5-508d-43ea-ade7-010bbd43f690,0000-2E4F-3A9369-00656652,"https://view.protectedpdf.com/2KBkck",Completed,Processing completed successfully
"Main Folder/IES Lighting Library/Lighting Practice","LP-9-25","Version: 1",06/29/2026 18:39:25,,2c056713-b0e9-4e7a-9520-ea2fc1574402,19d04742-f2ef-4f66-8bb0-7ff6c38bc6a0,0000-2E4F-3A936A-00656653,"https://view.protectedpdf.com/6NPtRm",Completed,Processing completed successfully
"Main Folder/IES Lighting Library/Lighting Practice","RP-31-20","Version: 1",06/29/2026 18:38:59,,2c056713-b0e9-4e7a-9520-ea2fc1574402,d205a6be-04ef-4a32-ab25-230e1be642d3,0000-2E4F-3A935A-00656643,"https://view.protectedpdf.com/vQCjzK",Completed,Processing completed successfully
"Main Folder/IES Lighting Library/Lighting Practice","RP-36-24","Version: 1",06/29/2026 18:38:59,,2c056713-b0e9-4e7a-9520-ea2fc1574402,afb7cb4e-0adb-4036-a5d0-84fd45d0e694,0000-2E4F-3A935C-00656645,"https://view.protectedpdf.com/vXbRWr",Completed,Processing completed successfully
"Main Folder/IES Lighting Library/Lighting Practice","TM-25-20R25","Version: 1",06/29/2026 18:38:59,,2c056713-b0e9-4e7a-9520-ea2fc1574402,3faca2b2-1b7e-4364-b610-1a04640dffed,0000-2E4F-3A935B-00656644,"https://view.protectedpdf.com/qHR63B",Completed,Processing completed successfully
"Main Folder/IES Lighting Library/Lighting Practice","TM-27-20 + E1","Version: 1",06/29/2026 18:39:02,,2c056713-b0e9-4e7a-9520-ea2fc1574402,79848c4c-f234-4563-8eea-e67b6c57151c,0000-2E4F-3A935E-00656647,"https://view.protectedpdf.com/ME68Br",Completed,Processing completed successfully
"Main Folder/IES Lighting Library/Lighting Practice","TM-32-24","Version: 1",06/29/2026 18:39:02,,2c056713-b0e9-4e7a-9520-ea2fc1574402,3d3bf15f-3ce0-45af-8c81-c63f87d5db15,0000-2E4F-3A935D-00656646,"https://view.protectedpdf.com/4j7CUN",Completed,Processing completed successfully
"Main Folder/IES Lighting Library/Lighting Practice","TM-33-23","Version: 1",06/29/2026 18:39:02,,2c056713-b0e9-4e7a-9520-ea2fc1574402,743a03dc-1e22-4241-805d-e968c34acf38,0000-2E4F-3A935F-00656648,"https://view.protectedpdf.com/tfYP2M",Completed,Processing completed successfully
"Main Folder/IES Lighting Library/Roadway and Parking Facilities","RP-8-25 + E2","Version: 1",06/29/2026 18:44:26,,43abc5d3-e207-4042-b91f-0ced8eaca7ff,37b4e3ea-6ea6-401c-89c9-0351c944f5bf,0000-2E4F-3A9396-0065667F,"https://view.protectedpdf.com/yWVuwU",Completed,Processing completed successfully
"Main Folder/IES Lighting Library/Lighting Science","LS-2-20R2023","Version: 1",06/29/2026 18:40:03,,6366126e-36c2-4565-9103-e529c477400a,cc121d03-5c4a-4c39-9d6f-cff5dc01d6a7,0000-2E4F-3A937A-00656663,"https://view.protectedpdf.com/duEUf7",Completed,Processing completed successfully
"Main Folder/IES Lighting Library/Lighting Science","LS-3-20 (R2023)","Version: 1",06/29/2026 18:40:04,,6366126e-36c2-4565-9103-e529c477400a,02ad0e26-3085-454f-9419-3651b01e1dec,0000-2E4F-3A937D-00656666,"https://view.protectedpdf.com/BKWvZy",Completed,Processing completed successfully
"Main Folder/IES Lighting Library/Lighting Science","LS-4-20 (R2023) +E1_","Version: 1",06/29/2026 18:40:04,,6366126e-36c2-4565-9103-e529c477400a,867f7003-a270-4efd-8468-a0039f8c68f8,0000-2E4F-3A937C-00656665,"https://view.protectedpdf.com/RpfGFn",Completed,Processing completed successfully
"Main Folder/IES Lighting Library/Lighting Science","LS-5-25","Version: 1",06/29/2026 18:40:04,,6366126e-36c2-4565-9103-e529c477400a,cab55dfd-0892-42b4-9540-bd2cff240c0d,0000-2E4F-3A937E-00656667,"https://view.protectedpdf.com/haAa4a",Completed,Processing completed successfully
"Main Folder/IES Lighting Library/Lighting Science","LS-6-20+E1 (R2025)","Version: 1",06/29/2026 18:39:58,,6366126e-36c2-4565-9103-e529c477400a,2c0bae19-96de-4466-b9e2-eae7fd86e433,0000-2E4F-3A936C-00656655,"https://view.protectedpdf.com/hvH4yD",Completed,Processing completed successfully
"Main Folder/IES Lighting Library/Lighting Science","LS-7-20","Version: 1",06/29/2026 18:39:59,,6366126e-36c2-4565-9103-e529c477400a,55e6cc27-6fff-4a4e-9baf-83364c24b383,0000-2E4F-3A936D-00656656,"https://view.protectedpdf.com/m7jUg3",Completed,Processing completed successfully
"Main Folder/IES Lighting Library/Lighting Science","LS-8-25","Version: 1",06/29/2026 18:39:59,,6366126e-36c2-4565-9103-e529c477400a,0dbf2b2d-f112-458d-9aa7-3879bc14e868,0000-2E4F-3A936E-00656657,"https://view.protectedpdf.com/tzAY3q",Completed,Processing completed successfully
"Main Folder/IES Lighting Library/Lighting Science","RP-27.1-22","Version: 1",06/29/2026 18:39:59,,6366126e-36c2-4565-9103-e529c477400a,5933bb46-f2a5-4f0b-82dd-a88474094bf2,0000-2E4F-3A936F-00656658,"https://view.protectedpdf.com/JghMmh",Completed,Processing completed successfully
"Main Folder/IES Lighting Library/Lighting Science","RP-27-20+E1","Version: 1",06/29/2026 18:39:59,,6366126e-36c2-4565-9103-e529c477400a,469365ad-c4af-40ec-aa12-9291ec16f539,0000-2E4F-3A9370-00656659,"https://view.protectedpdf.com/7jbkB4",Completed,Processing completed successfully
"Main Folder/IES Lighting Library/Lighting Science","TM-18-18","Version: 1",06/29/2026 18:40:00,,6366126e-36c2-4565-9103-e529c477400a,e54305f9-8318-4ad5-b30b-daf9c1e04e7a,0000-2E4F-3A9371-0065665A,"https://view.protectedpdf.com/RZbgzh",Completed,Processing completed successfully
"Main Folder/IES Lighting Library/Lighting Science","TM-24-20","Version: 1",06/29/2026 18:40:00,,6366126e-36c2-4565-9103-e529c477400a,57fb969a-2890-4cf4-9bfe-61fc70fb3f19,0000-2E4F-3A9372-0065665B,"https://view.protectedpdf.com/rTKrhy",Completed,Processing completed successfully
"Main Folder/IES Lighting Library/Lighting Science","TM-30-24","Version: 1",06/29/2026 18:40:02,,6366126e-36c2-4565-9103-e529c477400a,3e1adfd1-7f4f-4f55-8c42-8b552e59ea36,0000-2E4F-3A9378-00656661,"https://view.protectedpdf.com/4vgUQz",Completed,Processing completed successfully
"Main Folder/IES Lighting Library/Lighting Science","TM-34-19","Version: 1",06/29/2026 18:40:00,,6366126e-36c2-4565-9103-e529c477400a,a9e77e2b-37ca-4193-8380-410a76e01cbc,0000-2E4F-3A9373-0065665C,"https://view.protectedpdf.com/NeaHDA",Completed,Processing completed successfully
"Main Folder/IES Lighting Library/Lighting Science","TM-37-22","Version: 1",06/29/2026 18:40:02,,6366126e-36c2-4565-9103-e529c477400a,cf943716-3e51-402f-b0aa-be15f362e3ab,0000-2E4F-3A9375-0065665E,"https://view.protectedpdf.com/kdY7ua",Completed,Processing completed successfully
"Main Folder/IES Lighting Library/Lighting Science","TM-39-25","Version: 1",06/29/2026 18:40:01,,6366126e-36c2-4565-9103-e529c477400a,ee8e1127-8bc4-4065-969c-3f70fa2ae6eb,0000-2E4F-3A9374-0065665D,"https://view.protectedpdf.com/ycnNJK",Completed,Processing completed successfully
"Main Folder/IES Lighting Library/Lighting Science","TM-40-24_","Version: 1",06/29/2026 18:40:02,,6366126e-36c2-4565-9103-e529c477400a,e7643450-962c-4414-883f-554eb19773c8,0000-2E4F-3A9376-0065665F,"https://view.protectedpdf.com/zfRRba",Completed,Processing completed successfully
"Main Folder/IES Lighting Library/Lighting Science","TM-41-24","Version: 1",06/29/2026 18:40:02,,6366126e-36c2-4565-9103-e529c477400a,16742e9d-d2af-49c0-a7b2-08c133ffb110,0000-2E4F-3A9377-00656660,"https://view.protectedpdf.com/8M28XP",Completed,Processing completed successfully
"Main Folder/IES Lighting Library/Recommended Practice","RP-10-20+E2 Prototype_260420-NEW_TABLE","Version: 1",06/29/2026 18:41:37,,b4a32cf9-d5db-404d-b9aa-3ede2314386e,98ca648f-7199-4e92-92b0-b2d284f52c6a,0000-2E4F-3A937F-00656668,"https://view.protectedpdf.com/cxXJMG",Completed,Processing completed successfully
"Main Folder/IES Lighting Library/Recommended Practice","RP-11-26_v6 Prototype 260531-NEW_TABLE","Version: 1",06/29/2026 18:41:47,,b4a32cf9-d5db-404d-b9aa-3ede2314386e,e4498f56-af7b-4274-8a88-e7293d992d33,0000-2E4F-3A9380-00656669,"https://view.protectedpdf.com/YCte36",Completed,Processing completed successfully
"Main Folder/IES Lighting Library/Recommended Practice","RP-1-24","Version: 1",06/29/2026 18:42:09,,b4a32cf9-d5db-404d-b9aa-3ede2314386e,979d6e64-68e5-4ddc-ab6d-c26b01ca0f8f,0000-2E4F-3A938F-00656678,"https://view.protectedpdf.com/bQXMBz",Completed,Processing completed successfully
"Main Folder/IES Lighting Library/Recommended Practice","RP-2-20+E1","Version: 1",06/29/2026 18:42:16,,b4a32cf9-d5db-404d-b9aa-3ede2314386e,06018ba4-8d0b-40f4-ba60-4dbb2ef7450d,0000-2E4F-3A9393-0065667C,"https://view.protectedpdf.com/NPfqFH",Completed,Processing completed successfully
"Main Folder/IES Lighting Library/Recommended Practice","RP-28-25","Version: 1",06/29/2026 18:41:59,,b4a32cf9-d5db-404d-b9aa-3ede2314386e,3fe48eab-6ec6-428d-a856-511ae5a3ed5f,0000-2E4F-3A9383-0065666C,"https://view.protectedpdf.com/Ca8ndV",Completed,Processing completed successfully
"Main Folder/IES Lighting Library/Recommended Practice","RP-29-25","Version: 1",06/29/2026 18:41:58,,b4a32cf9-d5db-404d-b9aa-3ede2314386e,ed6ced6e-d9af-4dfe-b70a-b585495671b0,0000-2E4F-3A9382-0065666B,"https://view.protectedpdf.com/PVXaQa",Completed,Processing completed successfully
"Main Folder/IES Lighting Library/Recommended Practice","RP-30-25","Version: 1",06/29/2026 18:42:00,,b4a32cf9-d5db-404d-b9aa-3ede2314386e,c98ef156-a838-400a-95df-007c6158308c,0000-2E4F-3A9384-0065666D,"https://view.protectedpdf.com/7p74rX",Completed,Processing completed successfully
"Main Folder/IES Lighting Library/Recommended Practice","RP-3-20+E1","Version: 1",06/29/2026 18:42:12,,b4a32cf9-d5db-404d-b9aa-3ede2314386e,354b534c-4dc0-428d-8940-fa47bac95b6b,0000-2E4F-3A9390-00656679,"https://view.protectedpdf.com/e4cqez",Completed,Processing completed successfully
"Main Folder/IES Lighting Library/Recommended Practice","RP-37-25","Version: 1",06/29/2026 18:42:04,,b4a32cf9-d5db-404d-b9aa-3ede2314386e,ccffd8e7-30b1-4716-ab23-20002040f1a8,0000-2E4F-3A9389-00656672,"https://view.protectedpdf.com/BJXuxu",Completed,Processing completed successfully
"Main Folder/IES Lighting Library/Recommended Practice","RP-38-17 (R2022)","Version: 1",06/29/2026 18:42:02,,b4a32cf9-d5db-404d-b9aa-3ede2314386e,57479d59-3e6a-4f27-adea-1b085efdd535,0000-2E4F-3A9386-0065666F,"https://view.protectedpdf.com/XMqzry",Completed,Processing completed successfully
"Main Folder/IES Lighting Library/Recommended Practice","RP-39-19","Version: 1",06/29/2026 18:42:01,,b4a32cf9-d5db-404d-b9aa-3ede2314386e,1e16dc13-5f61-4f50-8e17-add64e8f2433,0000-2E4F-3A9385-0065666E,"https://view.protectedpdf.com/kvyraU",Completed,Processing completed successfully
"Main Folder/IES Lighting Library/Recommended Practice","RP-40-19(R24)","Version: 1",06/29/2026 18:42:03,,b4a32cf9-d5db-404d-b9aa-3ede2314386e,64a75cc1-3cfc-4dab-b969-29d9fcc3be69,0000-2E4F-3A9387-00656670,"https://view.protectedpdf.com/KUmEhq",Completed,Processing completed successfully
"Main Folder/IES Lighting Library/Recommended Practice","RP-41-20+E1","Version: 1",06/29/2026 18:42:05,,b4a32cf9-d5db-404d-b9aa-3ede2314386e,c636f311-278d-430c-abe8-390757b6e747,0000-2E4F-3A938A-00656673,"https://view.protectedpdf.com/nqcDwb",Completed,Processing completed successfully
"Main Folder/IES Lighting Library/Recommended Practice","RP-4-20+E1","Version: 1",06/29/2026 18:42:16,,b4a32cf9-d5db-404d-b9aa-3ede2314386e,62fdfe74-a847-4468-ad6d-1ea4c96454cb,0000-2E4F-3A9392-0065667B,"https://view.protectedpdf.com/wJUYPW",Completed,Processing completed successfully
"Main Folder/IES Lighting Library/Recommended Practice","RP-42-26","Version: 1",06/29/2026 18:42:04,,b4a32cf9-d5db-404d-b9aa-3ede2314386e,ab815bea-0a77-4a71-b989-6d17cec2627e,0000-2E4F-3A9388-00656671,"https://view.protectedpdf.com/Cba9BR",Completed,Processing completed successfully
"Main Folder/IES Lighting Library/Recommended Practice","RP-43-25","Version: 1",06/29/2026 18:42:07,,b4a32cf9-d5db-404d-b9aa-3ede2314386e,5d4294c6-a347-41a2-a4dd-9a91ac9b6a58,0000-2E4F-3A938E-00656677,"https://view.protectedpdf.com/dpgQ4A",Completed,Processing completed successfully
"Main Folder/IES Lighting Library/Recommended Practice","RP-44-21","Version: 1",06/29/2026 18:42:05,,b4a32cf9-d5db-404d-b9aa-3ede2314386e,b0c8a86b-4148-4ea2-8751-d22999a1d30d,0000-2E4F-3A938B-00656674,"https://view.protectedpdf.com/nUfKn4",Completed,Processing completed successfully
"Main Folder/IES Lighting Library/Recommended Practice","RP-45-21","Version: 1",06/29/2026 18:42:06,,b4a32cf9-d5db-404d-b9aa-3ede2314386e,e161ba0c-9ea7-46d9-838c-74df3a167b7f,0000-2E4F-3A938C-00656675,"https://view.protectedpdf.com/pNv8wZ",Completed,Processing completed successfully
"Main Folder/IES Lighting Library/Recommended Practice","RP-46-25","Version: 1",06/29/2026 18:42:06,,b4a32cf9-d5db-404d-b9aa-3ede2314386e,45650f45-1bff-4d51-bc6f-4b22f5e88b4f,0000-2E4F-3A938D-00656676,"https://view.protectedpdf.com/aRqkcn",Completed,Processing completed successfully
"Main Folder/IES Lighting Library/Recommended Practice","RP-47-23","Version: 1",06/29/2026 18:42:15,,b4a32cf9-d5db-404d-b9aa-3ede2314386e,a5b8d4c7-2e4b-4392-9630-1c123974c170,0000-2E4F-3A9391-0065667A,"https://view.protectedpdf.com/MEdfQQ",Completed,Processing completed successfully
"Main Folder/IES Lighting Library/Recommended Practice","RP-6-24","Version: 1",06/29/2026 18:42:19,,b4a32cf9-d5db-404d-b9aa-3ede2314386e,7e2ecb52-e65d-49f9-b9bb-302ed704ea35,0000-2E4F-3A9395-0065667E,"https://view.protectedpdf.com/wrve3Y",Completed,Processing completed successfully
"Main Folder/IES Lighting Library/Recommended Practice","RP-7-21+E1","Version: 1",06/29/2026 18:42:19,,b4a32cf9-d5db-404d-b9aa-3ede2314386e,09ee232a-18a4-4293-949c-e9d240c8eadd,0000-2E4F-3A9394-0065667D,"https://view.protectedpdf.com/TuNQhD",Completed,Processing completed successfully
"Main Folder/IES Lighting Library/Recommended Practice","RP-9-23 V4 Prototype 260522 - NEW TABLE","Version: 1",06/29/2026 18:41:50,,b4a32cf9-d5db-404d-b9aa-3ede2314386e,71e6f576-118d-4a37-90bc-e0b4a20f8e38,0000-2E4F-3A9381-0065666A,"https://view.protectedpdf.com/CfrqQy",Completed,Processing completed successfully
"Main Folder/IES Lighting Library/Lighting Measurements and Testing","LM-10-20 (R2023)","Version: 1",06/29/2026 18:38:30,,bea19caf-b542-498b-b40f-9de1e6779d88,73b399ae-5e17-4db6-870a-5a58e748cf97,0000-2E4F-3A934D-00656636,"https://view.protectedpdf.com/9KEAQM",Completed,Processing completed successfully
"Main Folder/IES Lighting Library/Lighting Measurements and Testing","LM-11-20 (R2023)","Version: 1",06/29/2026 18:38:28,,bea19caf-b542-498b-b40f-9de1e6779d88,b9de7ddf-1027-4d84-8ff1-8747683f7246,0000-2E4F-3A9349-00656632,"https://view.protectedpdf.com/N8ZqaC",Completed,Processing completed successfully
"Main Folder/IES Lighting Library/Lighting Measurements and Testing","LM-20-20","Version: 1",06/29/2026 18:38:28,,bea19caf-b542-498b-b40f-9de1e6779d88,cefe1f3e-5dd9-4fa6-8de2-608508eb3a6e,0000-2E4F-3A9348-00656631,"https://view.protectedpdf.com/GB3dmM",Completed,Processing completed successfully
"Main Folder/IES Lighting Library/Lighting Measurements and Testing","LM-28-20","Version: 1",06/29/2026 18:38:27,,bea19caf-b542-498b-b40f-9de1e6779d88,41a50ab1-8c22-4774-ad07-7321673887bd,0000-2E4F-3A9347-00656630,"https://view.protectedpdf.com/wQwHFT",Completed,Processing completed successfully
"Main Folder/IES Lighting Library/Lighting Measurements and Testing","LM-31-20 (R2023)","Version: 1",06/29/2026 18:38:29,,bea19caf-b542-498b-b40f-9de1e6779d88,84a5a519-4bf4-4352-9c8f-3c1846ba6b0a,0000-2E4F-3A934A-00656633,"https://view.protectedpdf.com/JzQC3T",Completed,Processing completed successfully
"Main Folder/IES Lighting Library/Lighting Measurements and Testing","LM-35-20 (R2023)","Version: 1",06/29/2026 18:38:27,,bea19caf-b542-498b-b40f-9de1e6779d88,401b0236-334e-454b-9faa-c3faecc71c58,0000-2E4F-3A9346-0065662F,"https://view.protectedpdf.com/HM9n8G",Completed,Processing completed successfully
"Main Folder/IES Lighting Library/Lighting Measurements and Testing","LM-37-20","Version: 1",06/29/2026 18:38:27,,bea19caf-b542-498b-b40f-9de1e6779d88,dd4dc005-3d37-4c3f-9d65-1f4b0f870eba,0000-2E4F-3A9345-0065662E,"https://view.protectedpdf.com/WdvXYJ",Completed,Processing completed successfully
"Main Folder/IES Lighting Library/Lighting Measurements and Testing","LM-40-20 (R2023)","Version: 1",06/29/2026 18:38:26,,bea19caf-b542-498b-b40f-9de1e6779d88,cd6ee7a1-ab72-400f-9c52-b7b616f740fa,0000-2E4F-3A9344-0065662D,"https://view.protectedpdf.com/TufHYc",Completed,Processing completed successfully
"Main Folder/IES Lighting Library/Lighting Measurements and Testing","LM-41-20 (R2023)","Version: 1",06/29/2026 18:38:26,,bea19caf-b542-498b-b40f-9de1e6779d88,f2eb7659-b851-4c9f-9fb0-6fec7d2be0fc,0000-2E4F-3A9343-0065662C,"https://view.protectedpdf.com/7GNpR4",Completed,Processing completed successfully
"Main Folder/IES Lighting Library/Lighting Measurements and Testing","LM-45-20 (R2023)","Version: 1",06/29/2026 18:38:26,,bea19caf-b542-498b-b40f-9de1e6779d88,ee8eba72-1b1b-48af-a829-4d1966bb8371,0000-2E4F-3A9342-0065662B,"https://view.protectedpdf.com/6FunRb",Completed,Processing completed successfully
"Main Folder/IES Lighting Library/Lighting Measurements and Testing","LM-46-20R2023","Version: 1",06/29/2026 18:38:26,,bea19caf-b542-498b-b40f-9de1e6779d88,702789fe-ecc7-4caa-b0f9-3560a9060c38,0000-2E4F-3A9341-0065662A,"https://view.protectedpdf.com/J3v4AK",Completed,Processing completed successfully
"Main Folder/IES Lighting Library/Lighting Measurements and Testing","LM-47-20 (R2023)","Version: 1",06/29/2026 18:38:25,,bea19caf-b542-498b-b40f-9de1e6779d88,452c9bc1-259e-4c66-940c-3adc4b57c4b1,0000-2E4F-3A933F-00656628,"https://view.protectedpdf.com/rMvAYk",Completed,Processing completed successfully
"Main Folder/IES Lighting Library/Lighting Measurements and Testing","LM-48-20","Version: 1",06/29/2026 18:38:26,,bea19caf-b542-498b-b40f-9de1e6779d88,25c3e179-536f-4998-8287-89fd99bfa8ca,0000-2E4F-3A9340-00656629,"https://view.protectedpdf.com/VcWrXc",Completed,Processing completed successfully
"Main Folder/IES Lighting Library/Lighting Measurements and Testing","LM-49-20 (R2023)","Version: 1",06/29/2026 18:38:25,,bea19caf-b542-498b-b40f-9de1e6779d88,697c7b09-3e6d-4009-bf21-22b6a00d77ac,0000-2E4F-3A933E-00656627,"https://view.protectedpdf.com/ZgjRyn",Completed,Processing completed successfully
"Main Folder/IES Lighting Library/Lighting Measurements and Testing","LM-51-20 (R2023)","Version: 1",06/29/2026 18:38:25,,bea19caf-b542-498b-b40f-9de1e6779d88,1353a0f2-96ba-4b1a-b459-01a3eea80b37,0000-2E4F-3A933D-00656626,"https://view.protectedpdf.com/jh7rFT",Completed,Processing completed successfully
"Main Folder/IES Lighting Library/Lighting Measurements and Testing","LM-54-20","Version: 1",06/29/2026 18:38:25,,bea19caf-b542-498b-b40f-9de1e6779d88,3777cd68-0db8-4533-899c-de4c87f948db,0000-2E4F-3A933C-00656625,"https://view.protectedpdf.com/h2hU6V",Completed,Processing completed successfully
"Main Folder/IES Lighting Library/Lighting Measurements and Testing","LM-58-20+E1","Version: 1",06/29/2026 18:38:24,,bea19caf-b542-498b-b40f-9de1e6779d88,70305e53-1d0f-45b0-9b99-b92785ed7159,0000-2E4F-3A933B-00656624,"https://view.protectedpdf.com/BcH7zt",Completed,Processing completed successfully
"Main Folder/IES Lighting Library/Lighting Measurements and Testing","LM-61-20 (R2023)","Version: 1",06/29/2026 18:38:24,,bea19caf-b542-498b-b40f-9de1e6779d88,3a369eba-bdec-4cac-9daf-ba2788fa63df,0000-2E4F-3A933A-00656623,"https://view.protectedpdf.com/V3AfEm",Completed,Processing completed successfully
"Main Folder/IES Lighting Library/Lighting Measurements and Testing","LM-62-20 (R2023)","Version: 1",06/29/2026 18:38:24,,bea19caf-b542-498b-b40f-9de1e6779d88,d18f96fa-6087-48d8-9f63-1157031178c0,0000-2E4F-3A9339-00656622,"https://view.protectedpdf.com/hEz4Nj",Completed,Processing completed successfully
"Main Folder/IES Lighting Library/Lighting Measurements and Testing","LM-63-19R25","Version: 1",06/29/2026 18:38:24,,bea19caf-b542-498b-b40f-9de1e6779d88,2be3f0e6-9614-40f2-9fd0-72c08f1de36a,0000-2E4F-3A9338-00656621,"https://view.protectedpdf.com/YpwvPD",Completed,Processing completed successfully
"Main Folder/IES Lighting Library/Lighting Measurements and Testing","LM-65-20 (R2023)","Version: 1",06/29/2026 18:38:24,,bea19caf-b542-498b-b40f-9de1e6779d88,1ecafa0d-244f-4b21-b244-15a8cd338713,0000-2E4F-3A9337-00656620,"https://view.protectedpdf.com/ZMpuKa",Completed,Processing completed successfully
"Main Folder/IES Lighting Library/Lighting Measurements and Testing","LM-66-20 (R2023)","Version: 1",06/29/2026 18:38:24,,bea19caf-b542-498b-b40f-9de1e6779d88,0ce3be72-705f-4089-993f-2d0f38695925,0000-2E4F-3A9336-0065661F,"https://view.protectedpdf.com/VEkabP",Completed,Processing completed successfully
"Main Folder/IES Lighting Library/Lighting Measurements and Testing","LM-72-20","Version: 1",06/29/2026 18:38:23,,bea19caf-b542-498b-b40f-9de1e6779d88,b92f9234-a350-46f9-b329-5d7088eaa523,0000-2E4F-3A9335-0065661E,"https://view.protectedpdf.com/Gej88B",Completed,Processing completed successfully
"Main Folder/IES Lighting Library/Lighting Measurements and Testing","LM-73-18 (R2023)","Version: 1",06/29/2026 18:38:23,,bea19caf-b542-498b-b40f-9de1e6779d88,68afed35-e7ad-4ae5-b99d-efd410f8a73e,0000-2E4F-3A9334-0065661D,"https://view.protectedpdf.com/2NpwB2",Completed,Processing completed successfully
"Main Folder/IES Lighting Library/Lighting Measurements and Testing","LM-73-18R2023","Version: 1",06/29/2026 18:38:22,,bea19caf-b542-498b-b40f-9de1e6779d88,3b82de76-1147-48fa-8130-ffd7abe4b5c5,0000-2E4F-3A9331-0065661A,"https://view.protectedpdf.com/6RJqrX",Completed,Processing completed successfully
"Main Folder/IES Lighting Library/Lighting Measurements and Testing","LM-75-19","Version: 1",06/29/2026 18:38:22,,bea19caf-b542-498b-b40f-9de1e6779d88,9fba9d5d-a913-4240-9322-8b781a224093,0000-2E4F-3A9333-0065661C,"https://view.protectedpdf.com/jGzvBp",Completed,Processing completed successfully
"Main Folder/IES Lighting Library/Lighting Measurements and Testing","LM-77-20","Version: 1",06/29/2026 18:38:22,,bea19caf-b542-498b-b40f-9de1e6779d88,c94ccec2-9caa-4e7d-8786-046da6c393ce,0000-2E4F-3A9332-0065661B,"https://view.protectedpdf.com/GXb9eB",Completed,Processing completed successfully
"Main Folder/IES Lighting Library/Lighting Measurements and Testing","LM-78-20","Version: 1",06/29/2026 18:38:21,,bea19caf-b542-498b-b40f-9de1e6779d88,604a82ec-d846-42b4-8c00-6d480cf7bbd4,0000-2E4F-3A9330-00656619,"https://view.protectedpdf.com/PX7P6F",Completed,Processing completed successfully
"Main Folder/IES Lighting Library/Lighting Measurements and Testing","LM-79-24","Version: 1",06/29/2026 18:38:21,,bea19caf-b542-498b-b40f-9de1e6779d88,2a5163c1-9379-4111-ad0e-d3caac1a2b84,0000-2E4F-3A932F-00656618,"https://view.protectedpdf.com/tgE8gU",Completed,Processing completed successfully
"Main Folder/IES Lighting Library/Lighting Measurements and Testing","LM-80-21","Version: 1",06/29/2026 18:38:21,,bea19caf-b542-498b-b40f-9de1e6779d88,0dcfdb36-4030-4327-9c19-5d39aba9f4e7,0000-2E4F-3A932E-00656617,"https://view.protectedpdf.com/vtEYfQ",Completed,Processing completed successfully
"Main Folder/IES Lighting Library/Lighting Measurements and Testing","LM-81-20 (R2023)","Version: 1",06/29/2026 18:38:21,,bea19caf-b542-498b-b40f-9de1e6779d88,941b101b-39e5-4832-8097-47d3c26bf2ac,0000-2E4F-3A932D-00656616,"https://view.protectedpdf.com/MXFfRA",Completed,Processing completed successfully
"Main Folder/IES Lighting Library/Lighting Measurements and Testing","LM-82-20","Version: 1",06/29/2026 18:38:20,,bea19caf-b542-498b-b40f-9de1e6779d88,befec48b-7229-4a38-9749-08449cfa12f2,0000-2E4F-3A932A-00656613,"https://view.protectedpdf.com/nFTTxd",Completed,Processing completed successfully
"Main Folder/IES Lighting Library/Lighting Measurements and Testing","LM-84-20+E1","Version: 1",06/29/2026 18:38:20,,bea19caf-b542-498b-b40f-9de1e6779d88,bb462075-bb4c-4d91-a365-6a2d0bffc3b7,0000-2E4F-3A932B-00656614,"https://view.protectedpdf.com/BQzyEq",Completed,Processing completed successfully
"Main Folder/IES Lighting Library/Lighting Measurements and Testing","LM-85-23","Version: 1",06/29/2026 18:38:21,,bea19caf-b542-498b-b40f-9de1e6779d88,ca26f3ea-43ac-404c-b8c9-34190cdb8504,0000-2E4F-3A932C-00656615,"https://view.protectedpdf.com/veezVB",Completed,Processing completed successfully
"Main Folder/IES Lighting Library/Lighting Measurements and Testing","LM-86-20 (R2023)","Version: 1",06/29/2026 18:38:20,,bea19caf-b542-498b-b40f-9de1e6779d88,f31f3ec2-8491-4c21-8d6c-c6b9b11385a7,0000-2E4F-3A9329-00656612,"https://view.protectedpdf.com/d3jyDu",Completed,Processing completed successfully
"Main Folder/IES Lighting Library/Lighting Measurements and Testing","LM-88-18 (R2023)","Version: 1",06/29/2026 18:38:20,,bea19caf-b542-498b-b40f-9de1e6779d88,cb2fd9dd-6e58-4dc5-b034-3364306b254b,0000-2E4F-3A9328-00656611,"https://view.protectedpdf.com/naNrE3",Completed,Processing completed successfully
"Main Folder/IES Lighting Library/Lighting Measurements and Testing","LM-90-20","Version: 1",06/29/2026 18:38:20,,bea19caf-b542-498b-b40f-9de1e6779d88,4eafab51-15aa-4894-bde5-8629b27d88ed,0000-2E4F-3A9327-00656610,"https://view.protectedpdf.com/YqXkTB",Completed,Processing completed successfully
"Main Folder/IES Lighting Library/Lighting Measurements and Testing","LM-91-22","Version: 1",06/29/2026 18:38:19,,bea19caf-b542-498b-b40f-9de1e6779d88,06616dce-51bf-4fc8-8ebd-869a1576e6be,0000-2E4F-3A9325-0065660E,"https://view.protectedpdf.com/zQgYVD",Completed,Processing completed successfully
"Main Folder/IES Lighting Library/Lighting Measurements and Testing","LM-9-20 (R2023)","Version: 1",06/29/2026 18:38:29,,bea19caf-b542-498b-b40f-9de1e6779d88,426b4509-08b5-4542-9f0d-e6c9c89649b8,0000-2E4F-3A934B-00656634,"https://view.protectedpdf.com/KT8VXN",Completed,Processing completed successfully
"Main Folder/IES Lighting Library/Lighting Measurements and Testing","LM-92-22","Version: 1",06/29/2026 18:38:19,,bea19caf-b542-498b-b40f-9de1e6779d88,ff802e91-cc05-4c8d-9103-645131e77b7b,0000-2E4F-3A9326-0065660F,"https://view.protectedpdf.com/FkavGf",Completed,Processing completed successfully
"Main Folder/IES Lighting Library/Lighting Measurements and Testing","LM-93-22","Version: 1",06/29/2026 18:38:19,,bea19caf-b542-498b-b40f-9de1e6779d88,20a37c5f-702d-44cf-b4f6-1748ec17ecec,0000-2E4F-3A9324-0065660D,"https://view.protectedpdf.com/YAkkPy",Completed,Processing completed successfully
"Main Folder/IES Lighting Library/Lighting Measurements and Testing","LM-98-24","Version: 1",06/29/2026 18:38:32,,bea19caf-b542-498b-b40f-9de1e6779d88,d6eb7b21-2356-40e3-95c0-45bed5a5b580,0000-2E4F-3A9354-0065663D,"https://view.protectedpdf.com/cjC3GG",Completed,Processing completed successfully
"Main Folder/IES Lighting Library/Lighting Measurements and Testing","TM-15-20","Version: 1",06/29/2026 18:38:31,,bea19caf-b542-498b-b40f-9de1e6779d88,5bdf1c67-7db9-4d61-aa4f-5e2c96a7f3f3,0000-2E4F-3A9353-0065663C,"https://view.protectedpdf.com/X9kxEC",Completed,Processing completed successfully
"Main Folder/IES Lighting Library/Lighting Measurements and Testing","TM-21-21","Version: 1",06/29/2026 18:38:31,,bea19caf-b542-498b-b40f-9de1e6779d88,ffba4a46-b7ae-4a3a-b920-ff637ad20504,0000-2E4F-3A9350-00656639,"https://view.protectedpdf.com/6ZmWpn",Completed,Processing completed successfully
"Main Folder/IES Lighting Library/Lighting Measurements and Testing","TM-26-20 (R2023)","Version: 1",06/29/2026 18:38:30,,bea19caf-b542-498b-b40f-9de1e6779d88,37f74e60-29e7-4b51-bd9e-79949dad4e3a,0000-2E4F-3A934E-00656637,"https://view.protectedpdf.com/cJHfrZ",Completed,Processing completed successfully
"Main Folder/IES Lighting Library/Lighting Measurements and Testing","TM-28-20","Version: 1",06/29/2026 18:38:30,,bea19caf-b542-498b-b40f-9de1e6779d88,e1a10468-dc8d-4d8e-925d-914f61b1794e,0000-2E4F-3A934C-00656635,"https://view.protectedpdf.com/2VqmDU",Completed,Processing completed successfully
"Main Folder/IES Lighting Library/Lighting Measurements and Testing","TM-31-20","Version: 1",06/29/2026 18:38:31,,bea19caf-b542-498b-b40f-9de1e6779d88,d971dae7-d00a-45bb-95e7-ee4aa51ea729,0000-2E4F-3A9352-0065663B,"https://view.protectedpdf.com/8qjUec",Completed,Processing completed successfully
"Main Folder/IES Lighting Library/Lighting Measurements and Testing","TM-35-19R25","Version: 1",06/29/2026 18:38:31,,bea19caf-b542-498b-b40f-9de1e6779d88,4ad2703f-c47e-4552-8f8a-0621656fffb9,0000-2E4F-3A934F-00656638,"https://view.protectedpdf.com/9d4M2A",Completed,Processing completed successfully
"Main Folder/IES Lighting Library/Lighting Measurements and Testing","TM-38-21","Version: 1",06/29/2026 18:38:31,,bea19caf-b542-498b-b40f-9de1e6779d88,131c2a2f-1c57-41e1-925a-5adbb7dc1f17,0000-2E4F-3A9351-0065663A,"https://view.protectedpdf.com/tndXPw",Completed,Processing completed successfully
